name,id,nametype,recclass,mass..g.,fall,year,reclat,reclong,GeoLocation,Epoch..TDB.,e,i..deg.,w..deg.,Node..deg.,q..AU.,Q..AU.,P..yr.,MOID..AU.,A1..AU.d.2.,A2..AU.d.2.,A3..AU.d.2.,DT..d.,ref,Object_name,crush,avg_speed
Aachen,1,Valid,L5,21,Fell,1880,50.775,6.08333,"(50.775, 6.08333)",NA,NA,NA,NA,NA,NA,NA,NA,NA,NA,NA,NA,NA,NA,NA,NA,NA
Adhi Kot,379,Valid,EH4,4239,Fell,1919,32.1,71.8,"(32.1, 71.8)",NA,NA,NA,NA,NA,NA,NA,NA,NA,NA,NA,NA,NA,NA,NA,NA,NA
Agen,392,Valid,H5,30000,Fell,1814,44.21667,0.61667,"(44.21667, 0.61667)",NA,NA,NA,NA,NA,NA,NA,NA,NA,NA,NA,NA,NA,NA,NA,NA,NA
Yamato 791845,27194,Valid,H6,1559,Found,1979,-71.5,35.66667,"(-71.5, 35.66667)",NA,NA,NA,NA,NA,NA,NA,NA,NA,NA,NA,NA,NA,NA,NA,NA,NA
Yamato 791846,27195,Valid,L4,34.93,Found,1979,-71.5,35.66667,"(-71.5, 35.66667)",NA,NA,NA,NA,NA,NA,NA,NA,NA,NA,NA,NA,NA,NA,NA,NA,NA
Yamato 791847,27196,Valid,L6,6.86,Found,1979,-71.5,35.66667,"(-71.5, 35.66667)",NA,NA,NA,NA,NA,NA,NA,NA,NA,NA,NA,NA,NA,NA,NA,NA,NA
Yamato 983166,39788,Valid,R4,3.43,Found,1998,0,0,"(0.0, 0.0)",NA,NA,NA,NA,NA,NA,NA,NA,NA,NA,NA,NA,NA,NA,NA,NA,NA
Yamato 983168,39790,Valid,H6,15.29,Found,1998,0,0,"(0.0, 0.0)",NA,NA,NA,NA,NA,NA,NA,NA,NA,NA,NA,NA,NA,NA,NA,NA,NA
Yamato 983174,39796,Valid,H6,8.37,Found,1998,0,0,"(0.0, 0.0)",NA,NA,NA,NA,NA,NA,NA,NA,NA,NA,NA,NA,NA,NA,NA,NA,NA
Yamato 983175,39797,Valid,H6,7.19,Found,1998,0,0,"(0.0, 0.0)",NA,NA,NA,NA,NA,NA,NA,NA,NA,NA,NA,NA,NA,NA,NA,NA,NA
Yamato 983176,39798,Valid,H6,5.8,Found,1998,0,0,"(0.0, 0.0)",NA,NA,NA,NA,NA,NA,NA,NA,NA,NA,NA,NA,NA,NA,NA,NA,NA
Yamato 983178,39800,Valid,H6,6.18,Found,1998,0,0,"(0.0, 0.0)",NA,NA,NA,NA,NA,NA,NA,NA,NA,NA,NA,NA,NA,NA,NA,NA,NA
Yamato 983179,39801,Valid,H6,6.62,Found,1998,0,0,"(0.0, 0.0)",NA,NA,NA,NA,NA,NA,NA,NA,NA,NA,NA,NA,NA,NA,NA,NA,NA
Yamato 983180,39802,Valid,H5,7.27,Found,1998,0,0,"(0.0, 0.0)",NA,NA,NA,NA,NA,NA,NA,NA,NA,NA,NA,NA,NA,NA,NA,NA,NA
Yamato 983187,39809,Valid,H4,50.3,Found,1998,0,0,"(0.0, 0.0)",NA,NA,NA,NA,NA,NA,NA,NA,NA,NA,NA,NA,NA,NA,NA,NA,NA
Yamato 983190,39812,Valid,L-melt breccia,13.99,Found,1998,0,0,"(0.0, 0.0)",NA,NA,NA,NA,NA,NA,NA,NA,NA,NA,NA,NA,NA,NA,NA,NA,NA
Yamato 983192,39814,Valid,H,3.81,Found,1998,0,0,"(0.0, 0.0)",NA,NA,NA,NA,NA,NA,NA,NA,NA,NA,NA,NA,NA,NA,NA,NA,NA
Yamato 983196,39818,Valid,H4,29.61,Found,1998,0,0,"(0.0, 0.0)",NA,NA,NA,NA,NA,NA,NA,NA,NA,NA,NA,NA,NA,NA,NA,NA,NA
Yamato 983200,39822,Valid,H5,6.23,Found,1998,0,0,"(0.0, 0.0)",NA,NA,NA,NA,NA,NA,NA,NA,NA,NA,NA,NA,NA,NA,NA,NA,NA
Yamato 983201,39823,Valid,H6,67.36,Found,1998,0,0,"(0.0, 0.0)",NA,NA,NA,NA,NA,NA,NA,NA,NA,NA,NA,NA,NA,NA,NA,NA,NA
Yamato 983204,39826,Valid,H5,12.9,Found,1998,0,0,"(0.0, 0.0)",NA,NA,NA,NA,NA,NA,NA,NA,NA,NA,NA,NA,NA,NA,NA,NA,NA
Yamato 983211,39833,Valid,H4,9.39,Found,1998,0,0,"(0.0, 0.0)",NA,NA,NA,NA,NA,NA,NA,NA,NA,NA,NA,NA,NA,NA,NA,NA,NA
Yamato 983212,39834,Valid,H,9.78,Found,1998,0,0,"(0.0, 0.0)",NA,NA,NA,NA,NA,NA,NA,NA,NA,NA,NA,NA,NA,NA,NA,NA,NA
Yamato 983213,39835,Valid,LL-melt breccia,5.48,Found,1998,0,0,"(0.0, 0.0)",NA,NA,NA,NA,NA,NA,NA,NA,NA,NA,NA,NA,NA,NA,NA,NA,NA
Yamato 983215,39837,Valid,H5,70.84,Found,1998,0,0,"(0.0, 0.0)",NA,NA,NA,NA,NA,NA,NA,NA,NA,NA,NA,NA,NA,NA,NA,NA,NA
Yamato 983217,39839,Valid,H5,9.94,Found,1998,0,0,"(0.0, 0.0)",NA,NA,NA,NA,NA,NA,NA,NA,NA,NA,NA,NA,NA,NA,NA,NA,NA
Yamato 983219,39841,Valid,H5,12.35,Found,1998,0,0,"(0.0, 0.0)",NA,NA,NA,NA,NA,NA,NA,NA,NA,NA,NA,NA,NA,NA,NA,NA,NA
Yamato 983220,39842,Valid,L-melt breccia,232.1,Found,1998,0,0,"(0.0, 0.0)",NA,NA,NA,NA,NA,NA,NA,NA,NA,NA,NA,NA,NA,NA,NA,NA,NA
Yamato 983221,39843,Valid,L5,40.41,Found,1998,0,0,"(0.0, 0.0)",NA,NA,NA,NA,NA,NA,NA,NA,NA,NA,NA,NA,NA,NA,NA,NA,NA
Yamato 983223,39845,Valid,LL6,12.17,Found,1998,0,0,"(0.0, 0.0)",NA,NA,NA,NA,NA,NA,NA,NA,NA,NA,NA,NA,NA,NA,NA,NA,NA
Yamato 983225,39847,Valid,H5,46.47,Found,1998,0,0,"(0.0, 0.0)",NA,NA,NA,NA,NA,NA,NA,NA,NA,NA,NA,NA,NA,NA,NA,NA,NA
Yamato 983226,39848,Valid,L6,26.71,Found,1998,0,0,"(0.0, 0.0)",NA,NA,NA,NA,NA,NA,NA,NA,NA,NA,NA,NA,NA,NA,NA,NA,NA
Yamato 983234,39856,Valid,H5,27.15,Found,1998,0,0,"(0.0, 0.0)",NA,NA,NA,NA,NA,NA,NA,NA,NA,NA,NA,NA,NA,NA,NA,NA,NA
Yamato 983235,39857,Valid,R4,3.5,Found,1998,0,0,"(0.0, 0.0)",NA,NA,NA,NA,NA,NA,NA,NA,NA,NA,NA,NA,NA,NA,NA,NA,NA
Yamato 983245,39867,Valid,H5,9.15,Found,1998,0,0,"(0.0, 0.0)",NA,NA,NA,NA,NA,NA,NA,NA,NA,NA,NA,NA,NA,NA,NA,NA,NA
Yamato 983247,39869,Valid,H5,208.8,Found,1998,0,0,"(0.0, 0.0)",NA,NA,NA,NA,NA,NA,NA,NA,NA,NA,NA,NA,NA,NA,NA,NA,NA
Yamato 983249,39871,Valid,H6,26.34,Found,1998,0,0,"(0.0, 0.0)",NA,NA,NA,NA,NA,NA,NA,NA,NA,NA,NA,NA,NA,NA,NA,NA,NA
Yamato 983251,39873,Valid,L5,3.86,Found,1998,0,0,"(0.0, 0.0)",NA,NA,NA,NA,NA,NA,NA,NA,NA,NA,NA,NA,NA,NA,NA,NA,NA
Yamato 983253,39875,Valid,L5,83.49,Found,1998,0,0,"(0.0, 0.0)",NA,NA,NA,NA,NA,NA,NA,NA,NA,NA,NA,NA,NA,NA,NA,NA,NA
Yamato 983269,39891,Valid,L6,109.9,Found,1998,0,0,"(0.0, 0.0)",NA,NA,NA,NA,NA,NA,NA,NA,NA,NA,NA,NA,NA,NA,NA,NA,NA
Yamato 983270,39892,Valid,R4,26.4,Found,1998,0,0,"(0.0, 0.0)",NA,NA,NA,NA,NA,NA,NA,NA,NA,NA,NA,NA,NA,NA,NA,NA,NA
Yamato 983272,39894,Valid,LL-melt breccia,109.7,Found,1998,0,0,"(0.0, 0.0)",NA,NA,NA,NA,NA,NA,NA,NA,NA,NA,NA,NA,NA,NA,NA,NA,NA
Yamato 983275,39897,Valid,L6,23.74,Found,1998,0,0,"(0.0, 0.0)",NA,NA,NA,NA,NA,NA,NA,NA,NA,NA,NA,NA,NA,NA,NA,NA,NA
Yamato 983277,39899,Valid,L6,146,Found,1998,0,0,"(0.0, 0.0)",NA,NA,NA,NA,NA,NA,NA,NA,NA,NA,NA,NA,NA,NA,NA,NA,NA
Yamato 983278,39900,Valid,LL3,39.54,Found,1998,0,0,"(0.0, 0.0)",NA,NA,NA,NA,NA,NA,NA,NA,NA,NA,NA,NA,NA,NA,NA,NA,NA
Yamato 983279,39901,Valid,H6,252.9,Found,1998,0,0,"(0.0, 0.0)",NA,NA,NA,NA,NA,NA,NA,NA,NA,NA,NA,NA,NA,NA,NA,NA,NA
Yamato 983280,39902,Valid,L5,133.6,Found,1998,0,0,"(0.0, 0.0)",NA,NA,NA,NA,NA,NA,NA,NA,NA,NA,NA,NA,NA,NA,NA,NA,NA
Yamato 983281,39903,Valid,L6,14.58,Found,1998,0,0,"(0.0, 0.0)",NA,NA,NA,NA,NA,NA,NA,NA,NA,NA,NA,NA,NA,NA,NA,NA,NA
Yamato 983283,39905,Valid,L6,54.65,Found,1998,0,0,"(0.0, 0.0)",NA,NA,NA,NA,NA,NA,NA,NA,NA,NA,NA,NA,NA,NA,NA,NA,NA
Yamato 983285,39907,Valid,L4,7.78,Found,1998,0,0,"(0.0, 0.0)",NA,NA,NA,NA,NA,NA,NA,NA,NA,NA,NA,NA,NA,NA,NA,NA,NA
Yamato 983288,39910,Valid,LL6,4.52,Found,1998,0,0,"(0.0, 0.0)",NA,NA,NA,NA,NA,NA,NA,NA,NA,NA,NA,NA,NA,NA,NA,NA,NA
Yamato 983289,39911,Valid,L4,210.4,Found,1998,0,0,"(0.0, 0.0)",NA,NA,NA,NA,NA,NA,NA,NA,NA,NA,NA,NA,NA,NA,NA,NA,NA
Yamato 983290,39912,Valid,H5,5.87,Found,1998,0,0,"(0.0, 0.0)",NA,NA,NA,NA,NA,NA,NA,NA,NA,NA,NA,NA,NA,NA,NA,NA,NA
Yamato 983292,39914,Valid,H5,29.24,Found,1998,0,0,"(0.0, 0.0)",NA,NA,NA,NA,NA,NA,NA,NA,NA,NA,NA,NA,NA,NA,NA,NA,NA
Yamato 983301,39923,Valid,H5,37.33,Found,1998,0,0,"(0.0, 0.0)",NA,NA,NA,NA,NA,NA,NA,NA,NA,NA,NA,NA,NA,NA,NA,NA,NA
Yamato 983307,39929,Valid,H6,38.04,Found,1998,0,0,"(0.0, 0.0)",NA,NA,NA,NA,NA,NA,NA,NA,NA,NA,NA,NA,NA,NA,NA,NA,NA
Yamato 983314,39936,Valid,LL,42.95,Found,1998,0,0,"(0.0, 0.0)",NA,NA,NA,NA,NA,NA,NA,NA,NA,NA,NA,NA,NA,NA,NA,NA,NA
Yamato 983316,39938,Valid,H6,5.34,Found,1998,0,0,"(0.0, 0.0)",NA,NA,NA,NA,NA,NA,NA,NA,NA,NA,NA,NA,NA,NA,NA,NA,NA
Yamato 983317,39939,Valid,H6,19.94,Found,1998,0,0,"(0.0, 0.0)",NA,NA,NA,NA,NA,NA,NA,NA,NA,NA,NA,NA,NA,NA,NA,NA,NA
Yamato 983319,39941,Valid,H5,14.4,Found,1998,0,0,"(0.0, 0.0)",NA,NA,NA,NA,NA,NA,NA,NA,NA,NA,NA,NA,NA,NA,NA,NA,NA
Yamato 983320,39942,Valid,H3,81.35,Found,1998,0,0,"(0.0, 0.0)",NA,NA,NA,NA,NA,NA,NA,NA,NA,NA,NA,NA,NA,NA,NA,NA,NA
Yamato 983321,39943,Valid,H5,9.16,Found,1998,0,0,"(0.0, 0.0)",NA,NA,NA,NA,NA,NA,NA,NA,NA,NA,NA,NA,NA,NA,NA,NA,NA
Yamato 983323,39945,Valid,H4,9.91,Found,1998,0,0,"(0.0, 0.0)",NA,NA,NA,NA,NA,NA,NA,NA,NA,NA,NA,NA,NA,NA,NA,NA,NA
Yamato 983324,39946,Valid,H3,18.09,Found,1998,0,0,"(0.0, 0.0)",NA,NA,NA,NA,NA,NA,NA,NA,NA,NA,NA,NA,NA,NA,NA,NA,NA
Yamato 983327,39949,Valid,Winonaite,5.93,Found,1998,0,0,"(0.0, 0.0)",NA,NA,NA,NA,NA,NA,NA,NA,NA,NA,NA,NA,NA,NA,NA,NA,NA
Yamato 983328,39950,Valid,H5,5.9,Found,1998,0,0,"(0.0, 0.0)",NA,NA,NA,NA,NA,NA,NA,NA,NA,NA,NA,NA,NA,NA,NA,NA,NA
Yamato 983336,39958,Valid,H/L5,13.35,Found,1998,0,0,"(0.0, 0.0)",NA,NA,NA,NA,NA,NA,NA,NA,NA,NA,NA,NA,NA,NA,NA,NA,NA
Yamato 983338,39960,Valid,L4,398,Found,1998,0,0,"(0.0, 0.0)",NA,NA,NA,NA,NA,NA,NA,NA,NA,NA,NA,NA,NA,NA,NA,NA,NA
Yamato 983339,39961,Valid,H5,36.96,Found,1998,0,0,"(0.0, 0.0)",NA,NA,NA,NA,NA,NA,NA,NA,NA,NA,NA,NA,NA,NA,NA,NA,NA
Yamato 983340,39962,Valid,LL6,5.69,Found,1998,0,0,"(0.0, 0.0)",NA,NA,NA,NA,NA,NA,NA,NA,NA,NA,NA,NA,NA,NA,NA,NA,NA
Yamato 983341,39963,Valid,H4,23.11,Found,1998,0,0,"(0.0, 0.0)",NA,NA,NA,NA,NA,NA,NA,NA,NA,NA,NA,NA,NA,NA,NA,NA,NA
Yamato 983343,39965,Valid,H4,6.92,Found,1998,0,0,"(0.0, 0.0)",NA,NA,NA,NA,NA,NA,NA,NA,NA,NA,NA,NA,NA,NA,NA,NA,NA
Yamato 983348,39970,Valid,L5,10.94,Found,1998,0,0,"(0.0, 0.0)",NA,NA,NA,NA,NA,NA,NA,NA,NA,NA,NA,NA,NA,NA,NA,NA,NA
Yamato 983349,39971,Valid,H4,98.29,Found,1998,0,0,"(0.0, 0.0)",NA,NA,NA,NA,NA,NA,NA,NA,NA,NA,NA,NA,NA,NA,NA,NA,NA
Yamato 983350,39972,Valid,H4,45.33,Found,1998,0,0,"(0.0, 0.0)",NA,NA,NA,NA,NA,NA,NA,NA,NA,NA,NA,NA,NA,NA,NA,NA,NA
Yamato 983351,39973,Valid,H4,7.8,Found,1998,0,0,"(0.0, 0.0)",NA,NA,NA,NA,NA,NA,NA,NA,NA,NA,NA,NA,NA,NA,NA,NA,NA
Yamato 983356,39978,Valid,H6,3.36,Found,1998,0,0,"(0.0, 0.0)",NA,NA,NA,NA,NA,NA,NA,NA,NA,NA,NA,NA,NA,NA,NA,NA,NA
Yamato 983360,39982,Valid,H6,5.66,Found,1998,0,0,"(0.0, 0.0)",NA,NA,NA,NA,NA,NA,NA,NA,NA,NA,NA,NA,NA,NA,NA,NA,NA
Yamato 983364,39986,Valid,L4,28.46,Found,1998,0,0,"(0.0, 0.0)",NA,NA,NA,NA,NA,NA,NA,NA,NA,NA,NA,NA,NA,NA,NA,NA,NA
Yamato 983365,39987,Valid,H5,12.12,Found,1998,0,0,"(0.0, 0.0)",NA,NA,NA,NA,NA,NA,NA,NA,NA,NA,NA,NA,NA,NA,NA,NA,NA
Yamato 983368,39990,Valid,L6,24.2,Found,1998,0,0,"(0.0, 0.0)",NA,NA,NA,NA,NA,NA,NA,NA,NA,NA,NA,NA,NA,NA,NA,NA,NA
Yamato 983376,39998,Valid,L6,5.51,Found,1998,0,0,"(0.0, 0.0)",NA,NA,NA,NA,NA,NA,NA,NA,NA,NA,NA,NA,NA,NA,NA,NA,NA
Yamato 983378,40000,Valid,H4,11.91,Found,1998,0,0,"(0.0, 0.0)",NA,NA,NA,NA,NA,NA,NA,NA,NA,NA,NA,NA,NA,NA,NA,NA,NA
Yamato 983380,40002,Valid,L4,20.71,Found,1998,0,0,"(0.0, 0.0)",NA,NA,NA,NA,NA,NA,NA,NA,NA,NA,NA,NA,NA,NA,NA,NA,NA
Yamato 983381,40003,Valid,H5,12.45,Found,1998,0,0,"(0.0, 0.0)",NA,NA,NA,NA,NA,NA,NA,NA,NA,NA,NA,NA,NA,NA,NA,NA,NA
Yamato 983382,40004,Valid,L6,3.64,Found,1998,0,0,"(0.0, 0.0)",NA,NA,NA,NA,NA,NA,NA,NA,NA,NA,NA,NA,NA,NA,NA,NA,NA
Yamato 983384,40006,Valid,H4,4.91,Found,1998,0,0,"(0.0, 0.0)",NA,NA,NA,NA,NA,NA,NA,NA,NA,NA,NA,NA,NA,NA,NA,NA,NA
Yamato 983388,40010,Valid,H/L6,5.36,Found,1998,0,0,"(0.0, 0.0)",NA,NA,NA,NA,NA,NA,NA,NA,NA,NA,NA,NA,NA,NA,NA,NA,NA
Yamato 983394,40016,Valid,LL6,43.18,Found,1998,0,0,"(0.0, 0.0)",NA,NA,NA,NA,NA,NA,NA,NA,NA,NA,NA,NA,NA,NA,NA,NA,NA
Yamato 983397,40019,Valid,L5,31.9,Found,1998,0,0,"(0.0, 0.0)",NA,NA,NA,NA,NA,NA,NA,NA,NA,NA,NA,NA,NA,NA,NA,NA,NA
Yamato 983399,40021,Valid,H6,4.79,Found,1998,0,0,"(0.0, 0.0)",NA,NA,NA,NA,NA,NA,NA,NA,NA,NA,NA,NA,NA,NA,NA,NA,NA
Yamato 983404,40026,Valid,L6,9.21,Found,1998,0,0,"(0.0, 0.0)",NA,NA,NA,NA,NA,NA,NA,NA,NA,NA,NA,NA,NA,NA,NA,NA,NA
Yamato 983407,40029,Valid,H4,4.55,Found,1998,0,0,"(0.0, 0.0)",NA,NA,NA,NA,NA,NA,NA,NA,NA,NA,NA,NA,NA,NA,NA,NA,NA
Yamato 983409,40031,Valid,H5,99.98,Found,1998,0,0,"(0.0, 0.0)",NA,NA,NA,NA,NA,NA,NA,NA,NA,NA,NA,NA,NA,NA,NA,NA,NA
Yamato 983413,40035,Valid,H5,5.51,Found,1998,0,0,"(0.0, 0.0)",NA,NA,NA,NA,NA,NA,NA,NA,NA,NA,NA,NA,NA,NA,NA,NA,NA
Yamato 983416,40038,Valid,LL6,7.56,Found,1998,0,0,"(0.0, 0.0)",NA,NA,NA,NA,NA,NA,NA,NA,NA,NA,NA,NA,NA,NA,NA,NA,NA
Yamato 983417,40039,Valid,LL-melt breccia,5.31,Found,1998,0,0,"(0.0, 0.0)",NA,NA,NA,NA,NA,NA,NA,NA,NA,NA,NA,NA,NA,NA,NA,NA,NA
Yamato 983418,40040,Valid,H6,42.39,Found,1998,0,0,"(0.0, 0.0)",NA,NA,NA,NA,NA,NA,NA,NA,NA,NA,NA,NA,NA,NA,NA,NA,NA
Yamato 983419,40041,Valid,H6,29.47,Found,1998,0,0,"(0.0, 0.0)",NA,NA,NA,NA,NA,NA,NA,NA,NA,NA,NA,NA,NA,NA,NA,NA,NA
Yamato 983420,40042,Valid,H3,68.04,Found,1998,0,0,"(0.0, 0.0)",NA,NA,NA,NA,NA,NA,NA,NA,NA,NA,NA,NA,NA,NA,NA,NA,NA
Yamato 983421,40043,Valid,LL-melt breccia,4.96,Found,1998,0,0,"(0.0, 0.0)",NA,NA,NA,NA,NA,NA,NA,NA,NA,NA,NA,NA,NA,NA,NA,NA,NA
Yamato 983422,40044,Valid,H4,11.51,Found,1998,0,0,"(0.0, 0.0)",NA,NA,NA,NA,NA,NA,NA,NA,NA,NA,NA,NA,NA,NA,NA,NA,NA
Yamato 983423,40045,Valid,L5,22.89,Found,1998,0,0,"(0.0, 0.0)",NA,NA,NA,NA,NA,NA,NA,NA,NA,NA,NA,NA,NA,NA,NA,NA,NA
Yamato 983427,40049,Valid,H4,23.28,Found,1998,0,0,"(0.0, 0.0)",NA,NA,NA,NA,NA,NA,NA,NA,NA,NA,NA,NA,NA,NA,NA,NA,NA
Yamato 983428,40050,Valid,H5,26.51,Found,1998,0,0,"(0.0, 0.0)",NA,NA,NA,NA,NA,NA,NA,NA,NA,NA,NA,NA,NA,NA,NA,NA,NA
Yamato 983430,40052,Valid,H/L5,3.24,Found,1998,0,0,"(0.0, 0.0)",NA,NA,NA,NA,NA,NA,NA,NA,NA,NA,NA,NA,NA,NA,NA,NA,NA
Yamato 983434,40056,Valid,H5,25.84,Found,1998,0,0,"(0.0, 0.0)",NA,NA,NA,NA,NA,NA,NA,NA,NA,NA,NA,NA,NA,NA,NA,NA,NA
Yamato 983439,40061,Valid,H4,4.1,Found,1998,0,0,"(0.0, 0.0)",NA,NA,NA,NA,NA,NA,NA,NA,NA,NA,NA,NA,NA,NA,NA,NA,NA
Yamato 983442,40064,Valid,H6,23.53,Found,1998,0,0,"(0.0, 0.0)",NA,NA,NA,NA,NA,NA,NA,NA,NA,NA,NA,NA,NA,NA,NA,NA,NA
Yamato 983443,40065,Valid,H6,3.04,Found,1998,0,0,"(0.0, 0.0)",NA,NA,NA,NA,NA,NA,NA,NA,NA,NA,NA,NA,NA,NA,NA,NA,NA
Yamato 983445,40067,Valid,H6,7.47,Found,1998,0,0,"(0.0, 0.0)",NA,NA,NA,NA,NA,NA,NA,NA,NA,NA,NA,NA,NA,NA,NA,NA,NA
Yamato 983447,40069,Valid,H6,3.07,Found,1998,0,0,"(0.0, 0.0)",NA,NA,NA,NA,NA,NA,NA,NA,NA,NA,NA,NA,NA,NA,NA,NA,NA
Yamato 983448,40070,Valid,L5,33.43,Found,1998,0,0,"(0.0, 0.0)",NA,NA,NA,NA,NA,NA,NA,NA,NA,NA,NA,NA,NA,NA,NA,NA,NA
Yamato 983451,40073,Valid,H6,6.41,Found,1998,0,0,"(0.0, 0.0)",NA,NA,NA,NA,NA,NA,NA,NA,NA,NA,NA,NA,NA,NA,NA,NA,NA
Yamato 983452,40074,Valid,H6,4.89,Found,1998,0,0,"(0.0, 0.0)",NA,NA,NA,NA,NA,NA,NA,NA,NA,NA,NA,NA,NA,NA,NA,NA,NA
Yamato 983453,40075,Valid,H6,4.45,Found,1998,0,0,"(0.0, 0.0)",NA,NA,NA,NA,NA,NA,NA,NA,NA,NA,NA,NA,NA,NA,NA,NA,NA
Yamato 983455,40077,Valid,H6,3.33,Found,1998,0,0,"(0.0, 0.0)",NA,NA,NA,NA,NA,NA,NA,NA,NA,NA,NA,NA,NA,NA,NA,NA,NA
Yamato 983459,40081,Valid,L6,9.42,Found,1998,0,0,"(0.0, 0.0)",NA,NA,NA,NA,NA,NA,NA,NA,NA,NA,NA,NA,NA,NA,NA,NA,NA
Yamato 983460,40082,Valid,LL5,4.88,Found,1998,0,0,"(0.0, 0.0)",NA,NA,NA,NA,NA,NA,NA,NA,NA,NA,NA,NA,NA,NA,NA,NA,NA
Yamato 983461,40083,Valid,L6,7.62,Found,1998,0,0,"(0.0, 0.0)",NA,NA,NA,NA,NA,NA,NA,NA,NA,NA,NA,NA,NA,NA,NA,NA,NA
Yamato 983463,40085,Valid,LL6,13.06,Found,1998,0,0,"(0.0, 0.0)",NA,NA,NA,NA,NA,NA,NA,NA,NA,NA,NA,NA,NA,NA,NA,NA,NA
Yamato 983465,40087,Valid,L6,8.59,Found,1998,0,0,"(0.0, 0.0)",NA,NA,NA,NA,NA,NA,NA,NA,NA,NA,NA,NA,NA,NA,NA,NA,NA
Yamato 983470,40092,Valid,H6,11.19,Found,1998,0,0,"(0.0, 0.0)",NA,NA,NA,NA,NA,NA,NA,NA,NA,NA,NA,NA,NA,NA,NA,NA,NA
Yamato 983474,40096,Valid,H5,3.61,Found,1998,0,0,"(0.0, 0.0)",NA,NA,NA,NA,NA,NA,NA,NA,NA,NA,NA,NA,NA,NA,NA,NA,NA
Yamato 983475,40097,Valid,H5,4.31,Found,1998,0,0,"(0.0, 0.0)",NA,NA,NA,NA,NA,NA,NA,NA,NA,NA,NA,NA,NA,NA,NA,NA,NA
Yamato 983481,40103,Valid,H5,168.2,Found,1998,0,0,"(0.0, 0.0)",NA,NA,NA,NA,NA,NA,NA,NA,NA,NA,NA,NA,NA,NA,NA,NA,NA
Yamato 983488,40110,Valid,L5,84.86,Found,1998,0,0,"(0.0, 0.0)",NA,NA,NA,NA,NA,NA,NA,NA,NA,NA,NA,NA,NA,NA,NA,NA,NA
Yamato 983489,40111,Valid,H4,7.06,Found,1998,0,0,"(0.0, 0.0)",NA,NA,NA,NA,NA,NA,NA,NA,NA,NA,NA,NA,NA,NA,NA,NA,NA
Yamato 983494,40116,Valid,H5,32.01,Found,1998,0,0,"(0.0, 0.0)",NA,NA,NA,NA,NA,NA,NA,NA,NA,NA,NA,NA,NA,NA,NA,NA,NA
Yamato 983495,40117,Valid,L5,8.28,Found,1998,0,0,"(0.0, 0.0)",NA,NA,NA,NA,NA,NA,NA,NA,NA,NA,NA,NA,NA,NA,NA,NA,NA
Yamato 983499,40121,Valid,L/LL3,40.94,Found,1998,0,0,"(0.0, 0.0)",NA,NA,NA,NA,NA,NA,NA,NA,NA,NA,NA,NA,NA,NA,NA,NA,NA
Yamato 983501,40123,Valid,H6,12.68,Found,1998,0,0,"(0.0, 0.0)",NA,NA,NA,NA,NA,NA,NA,NA,NA,NA,NA,NA,NA,NA,NA,NA,NA
Yamato 983502,40124,Valid,L6,3.17,Found,1998,0,0,"(0.0, 0.0)",NA,NA,NA,NA,NA,NA,NA,NA,NA,NA,NA,NA,NA,NA,NA,NA,NA
Yamato 983504,40126,Valid,H5,40.77,Found,1998,0,0,"(0.0, 0.0)",NA,NA,NA,NA,NA,NA,NA,NA,NA,NA,NA,NA,NA,NA,NA,NA,NA
Yamato 983506,40128,Valid,H5,96.02,Found,1998,0,0,"(0.0, 0.0)",NA,NA,NA,NA,NA,NA,NA,NA,NA,NA,NA,NA,NA,NA,NA,NA,NA
Yamato 983508,40130,Valid,LL,4.87,Found,1998,0,0,"(0.0, 0.0)",NA,NA,NA,NA,NA,NA,NA,NA,NA,NA,NA,NA,NA,NA,NA,NA,NA
Yamato 983510,40132,Valid,H4,6.7,Found,1998,0,0,"(0.0, 0.0)",NA,NA,NA,NA,NA,NA,NA,NA,NA,NA,NA,NA,NA,NA,NA,NA,NA
Yamato 983512,40134,Valid,H4,12.7,Found,1998,0,0,"(0.0, 0.0)",NA,NA,NA,NA,NA,NA,NA,NA,NA,NA,NA,NA,NA,NA,NA,NA,NA
Yamato 983514,40136,Valid,H4,26.65,Found,1998,0,0,"(0.0, 0.0)",NA,NA,NA,NA,NA,NA,NA,NA,NA,NA,NA,NA,NA,NA,NA,NA,NA
Yamato 983515,40137,Valid,H5,20.65,Found,1998,0,0,"(0.0, 0.0)",NA,NA,NA,NA,NA,NA,NA,NA,NA,NA,NA,NA,NA,NA,NA,NA,NA
Yamato 983518,40140,Valid,H4,38.57,Found,1998,0,0,"(0.0, 0.0)",NA,NA,NA,NA,NA,NA,NA,NA,NA,NA,NA,NA,NA,NA,NA,NA,NA
Yamato 983519,40141,Valid,H4,51.25,Found,1998,0,0,"(0.0, 0.0)",NA,NA,NA,NA,NA,NA,NA,NA,NA,NA,NA,NA,NA,NA,NA,NA,NA
Yamato 983520,40142,Valid,L6,6.27,Found,1998,0,0,"(0.0, 0.0)",NA,NA,NA,NA,NA,NA,NA,NA,NA,NA,NA,NA,NA,NA,NA,NA,NA
Yamato 983523,40145,Valid,H5,26.06,Found,1998,0,0,"(0.0, 0.0)",NA,NA,NA,NA,NA,NA,NA,NA,NA,NA,NA,NA,NA,NA,NA,NA,NA
Yamato 983524,40146,Valid,H4,8.11,Found,1998,0,0,"(0.0, 0.0)",NA,NA,NA,NA,NA,NA,NA,NA,NA,NA,NA,NA,NA,NA,NA,NA,NA
Yamato 983527,40149,Valid,H4,24.78,Found,1998,0,0,"(0.0, 0.0)",NA,NA,NA,NA,NA,NA,NA,NA,NA,NA,NA,NA,NA,NA,NA,NA,NA
Yamato 983530,40152,Valid,H4,39.71,Found,1998,0,0,"(0.0, 0.0)",NA,NA,NA,NA,NA,NA,NA,NA,NA,NA,NA,NA,NA,NA,NA,NA,NA
Yamato 983531,40153,Valid,H4,62.61,Found,1998,0,0,"(0.0, 0.0)",NA,NA,NA,NA,NA,NA,NA,NA,NA,NA,NA,NA,NA,NA,NA,NA,NA
Yamato 983533,40155,Valid,LL-melt breccia,16.87,Found,1998,0,0,"(0.0, 0.0)",NA,NA,NA,NA,NA,NA,NA,NA,NA,NA,NA,NA,NA,NA,NA,NA,NA
Yamato 983534,40156,Valid,Eucrite-br,13.61,Found,1998,0,0,"(0.0, 0.0)",NA,NA,NA,NA,NA,NA,NA,NA,NA,NA,NA,NA,NA,NA,NA,NA,NA
Yamato 983537,40159,Valid,H4,197.2,Found,1998,0,0,"(0.0, 0.0)",NA,NA,NA,NA,NA,NA,NA,NA,NA,NA,NA,NA,NA,NA,NA,NA,NA
Yamato 983540,40162,Valid,H4,91.7,Found,1998,0,0,"(0.0, 0.0)",NA,NA,NA,NA,NA,NA,NA,NA,NA,NA,NA,NA,NA,NA,NA,NA,NA
Yamato 983543,40165,Valid,H6,11.25,Found,1998,0,0,"(0.0, 0.0)",NA,NA,NA,NA,NA,NA,NA,NA,NA,NA,NA,NA,NA,NA,NA,NA,NA
Yamato 983544,40166,Valid,H5,6.87,Found,1998,0,0,"(0.0, 0.0)",NA,NA,NA,NA,NA,NA,NA,NA,NA,NA,NA,NA,NA,NA,NA,NA,NA
Yamato 983545,40167,Valid,H5,9.98,Found,1998,0,0,"(0.0, 0.0)",NA,NA,NA,NA,NA,NA,NA,NA,NA,NA,NA,NA,NA,NA,NA,NA,NA
Yamato 983552,40174,Valid,L6,9.98,Found,1998,0,0,"(0.0, 0.0)",NA,NA,NA,NA,NA,NA,NA,NA,NA,NA,NA,NA,NA,NA,NA,NA,NA
Yamato 983555,40177,Valid,H6,7.1,Found,1998,0,0,"(0.0, 0.0)",NA,NA,NA,NA,NA,NA,NA,NA,NA,NA,NA,NA,NA,NA,NA,NA,NA
Yamato 983556,40178,Valid,H5,4.06,Found,1998,0,0,"(0.0, 0.0)",NA,NA,NA,NA,NA,NA,NA,NA,NA,NA,NA,NA,NA,NA,NA,NA,NA
Yamato 983557,40179,Valid,H6,89.13,Found,1998,0,0,"(0.0, 0.0)",NA,NA,NA,NA,NA,NA,NA,NA,NA,NA,NA,NA,NA,NA,NA,NA,NA
Yamato 983558,40180,Valid,H6,5.19,Found,1998,0,0,"(0.0, 0.0)",NA,NA,NA,NA,NA,NA,NA,NA,NA,NA,NA,NA,NA,NA,NA,NA,NA
Yamato 983561,40183,Valid,H5,25.88,Found,1998,0,0,"(0.0, 0.0)",NA,NA,NA,NA,NA,NA,NA,NA,NA,NA,NA,NA,NA,NA,NA,NA,NA
Yamato 983564,40186,Valid,LL6,5.01,Found,1998,0,0,"(0.0, 0.0)",NA,NA,NA,NA,NA,NA,NA,NA,NA,NA,NA,NA,NA,NA,NA,NA,NA
Yamato 983565,40187,Valid,H5,6.98,Found,1998,0,0,"(0.0, 0.0)",NA,NA,NA,NA,NA,NA,NA,NA,NA,NA,NA,NA,NA,NA,NA,NA,NA
Yamato 983572,40194,Valid,H5,8.19,Found,1998,0,0,"(0.0, 0.0)",NA,NA,NA,NA,NA,NA,NA,NA,NA,NA,NA,NA,NA,NA,NA,NA,NA
Yamato 983573,40195,Valid,H4,10.71,Found,1998,0,0,"(0.0, 0.0)",NA,NA,NA,NA,NA,NA,NA,NA,NA,NA,NA,NA,NA,NA,NA,NA,NA
Yamato 983577,40199,Valid,H3,3.47,Found,1998,0,0,"(0.0, 0.0)",NA,NA,NA,NA,NA,NA,NA,NA,NA,NA,NA,NA,NA,NA,NA,NA,NA
Yamato 983579,40201,Valid,H4,11.08,Found,1998,0,0,"(0.0, 0.0)",NA,NA,NA,NA,NA,NA,NA,NA,NA,NA,NA,NA,NA,NA,NA,NA,NA
Yamato 983583,40205,Valid,H5,4.5,Found,1998,0,0,"(0.0, 0.0)",NA,NA,NA,NA,NA,NA,NA,NA,NA,NA,NA,NA,NA,NA,NA,NA,NA
Yamato 983584,40206,Valid,L6,11.39,Found,1998,0,0,"(0.0, 0.0)",NA,NA,NA,NA,NA,NA,NA,NA,NA,NA,NA,NA,NA,NA,NA,NA,NA
Yamato 983587,40209,Valid,H6,20.38,Found,1998,0,0,"(0.0, 0.0)",NA,NA,NA,NA,NA,NA,NA,NA,NA,NA,NA,NA,NA,NA,NA,NA,NA
Yamato 983589,40211,Valid,CO3,35.16,Found,1998,0,0,"(0.0, 0.0)",NA,NA,NA,NA,NA,NA,NA,NA,NA,NA,NA,NA,NA,NA,NA,NA,NA
Yamato 983593,40215,Valid,L5,26.34,Found,1998,0,0,"(0.0, 0.0)",NA,NA,NA,NA,NA,NA,NA,NA,NA,NA,NA,NA,NA,NA,NA,NA,NA
Yamato 983595,40217,Valid,L-melt breccia,8.39,Found,1998,0,0,"(0.0, 0.0)",NA,NA,NA,NA,NA,NA,NA,NA,NA,NA,NA,NA,NA,NA,NA,NA,NA
Yamato 983598,40220,Valid,L5/6,8.81,Found,1998,0,0,"(0.0, 0.0)",NA,NA,NA,NA,NA,NA,NA,NA,NA,NA,NA,NA,NA,NA,NA,NA,NA
Yamato 983602,40224,Valid,H6,11.91,Found,1998,0,0,"(0.0, 0.0)",NA,NA,NA,NA,NA,NA,NA,NA,NA,NA,NA,NA,NA,NA,NA,NA,NA
Yamato 983606,40228,Valid,H4,86.63,Found,1998,0,0,"(0.0, 0.0)",NA,NA,NA,NA,NA,NA,NA,NA,NA,NA,NA,NA,NA,NA,NA,NA,NA
Yamato 983608,40230,Valid,H4,10.13,Found,1998,0,0,"(0.0, 0.0)",NA,NA,NA,NA,NA,NA,NA,NA,NA,NA,NA,NA,NA,NA,NA,NA,NA
Yamato 983610,40232,Valid,L6,11.54,Found,1998,0,0,"(0.0, 0.0)",NA,NA,NA,NA,NA,NA,NA,NA,NA,NA,NA,NA,NA,NA,NA,NA,NA
Yamato 983618,40240,Valid,H6,4.76,Found,1998,0,0,"(0.0, 0.0)",NA,NA,NA,NA,NA,NA,NA,NA,NA,NA,NA,NA,NA,NA,NA,NA,NA
Yamato 983619,40241,Valid,H6,12.09,Found,1998,0,0,"(0.0, 0.0)",NA,NA,NA,NA,NA,NA,NA,NA,NA,NA,NA,NA,NA,NA,NA,NA,NA
Yamato 983620,40242,Valid,L6,141.5,Found,1998,0,0,"(0.0, 0.0)",NA,NA,NA,NA,NA,NA,NA,NA,NA,NA,NA,NA,NA,NA,NA,NA,NA
Yamato 983621,40243,Valid,H6,9.05,Found,1998,0,0,"(0.0, 0.0)",NA,NA,NA,NA,NA,NA,NA,NA,NA,NA,NA,NA,NA,NA,NA,NA,NA
Yamato 983623,40245,Valid,H5,9.92,Found,1998,0,0,"(0.0, 0.0)",NA,NA,NA,NA,NA,NA,NA,NA,NA,NA,NA,NA,NA,NA,NA,NA,NA
Yamato 983626,40248,Valid,L6,15.69,Found,1998,0,0,"(0.0, 0.0)",NA,NA,NA,NA,NA,NA,NA,NA,NA,NA,NA,NA,NA,NA,NA,NA,NA
Yamato 983628,40250,Valid,H6,21.91,Found,1998,0,0,"(0.0, 0.0)",NA,NA,NA,NA,NA,NA,NA,NA,NA,NA,NA,NA,NA,NA,NA,NA,NA
Yamato 983629,40251,Valid,H/L6,4.46,Found,1998,0,0,"(0.0, 0.0)",NA,NA,NA,NA,NA,NA,NA,NA,NA,NA,NA,NA,NA,NA,NA,NA,NA
Yamato 983630,40252,Valid,H6,22.77,Found,1998,0,0,"(0.0, 0.0)",NA,NA,NA,NA,NA,NA,NA,NA,NA,NA,NA,NA,NA,NA,NA,NA,NA
Yamato 983635,40257,Valid,LL-melt breccia,11.67,Found,1998,0,0,"(0.0, 0.0)",NA,NA,NA,NA,NA,NA,NA,NA,NA,NA,NA,NA,NA,NA,NA,NA,NA
Yamato 983636,40258,Valid,LL-melt breccia,8.99,Found,1998,0,0,"(0.0, 0.0)",NA,NA,NA,NA,NA,NA,NA,NA,NA,NA,NA,NA,NA,NA,NA,NA,NA
Yamato 983638,40260,Valid,LL-melt breccia,41.52,Found,1998,0,0,"(0.0, 0.0)",NA,NA,NA,NA,NA,NA,NA,NA,NA,NA,NA,NA,NA,NA,NA,NA,NA
Yamato 983640,40262,Valid,LL-melt breccia,8.44,Found,1998,0,0,"(0.0, 0.0)",NA,NA,NA,NA,NA,NA,NA,NA,NA,NA,NA,NA,NA,NA,NA,NA,NA
Yamato 983643,40265,Valid,LL-melt breccia,4.61,Found,1998,0,0,"(0.0, 0.0)",NA,NA,NA,NA,NA,NA,NA,NA,NA,NA,NA,NA,NA,NA,NA,NA,NA
Yamato 983645,40267,Valid,H5,164.9,Found,1998,0,0,"(0.0, 0.0)",NA,NA,NA,NA,NA,NA,NA,NA,NA,NA,NA,NA,NA,NA,NA,NA,NA
Yamato 983646,40268,Valid,H6,7.27,Found,1998,0,0,"(0.0, 0.0)",NA,NA,NA,NA,NA,NA,NA,NA,NA,NA,NA,NA,NA,NA,NA,NA,NA
Yamato 983648,40270,Valid,H5,12.57,Found,1998,0,0,"(0.0, 0.0)",NA,NA,NA,NA,NA,NA,NA,NA,NA,NA,NA,NA,NA,NA,NA,NA,NA
Yamato 983651,40273,Valid,H6,7.13,Found,1998,0,0,"(0.0, 0.0)",NA,NA,NA,NA,NA,NA,NA,NA,NA,NA,NA,NA,NA,NA,NA,NA,NA
Yamato 983653,40275,Valid,H6,8.88,Found,1998,0,0,"(0.0, 0.0)",NA,NA,NA,NA,NA,NA,NA,NA,NA,NA,NA,NA,NA,NA,NA,NA,NA
Yamato 983655,40277,Valid,H5,4.65,Found,1998,0,0,"(0.0, 0.0)",NA,NA,NA,NA,NA,NA,NA,NA,NA,NA,NA,NA,NA,NA,NA,NA,NA
Yamato 983658,40280,Valid,LL6,7.21,Found,1998,0,0,"(0.0, 0.0)",NA,NA,NA,NA,NA,NA,NA,NA,NA,NA,NA,NA,NA,NA,NA,NA,NA
Yamato 983659,40281,Valid,H4,29.79,Found,1998,0,0,"(0.0, 0.0)",NA,NA,NA,NA,NA,NA,NA,NA,NA,NA,NA,NA,NA,NA,NA,NA,NA
Yamato 983662,40284,Valid,H4,8.25,Found,1998,0,0,"(0.0, 0.0)",NA,NA,NA,NA,NA,NA,NA,NA,NA,NA,NA,NA,NA,NA,NA,NA,NA
Yamato 983663,40285,Valid,LL-melt breccia,9.6,Found,1998,0,0,"(0.0, 0.0)",NA,NA,NA,NA,NA,NA,NA,NA,NA,NA,NA,NA,NA,NA,NA,NA,NA
Yamato 983668,40290,Valid,LL-melt breccia,7.75,Found,1998,0,0,"(0.0, 0.0)",NA,NA,NA,NA,NA,NA,NA,NA,NA,NA,NA,NA,NA,NA,NA,NA,NA
Yamato 983678,40300,Valid,LL-melt breccia,5.65,Found,1998,0,0,"(0.0, 0.0)",NA,NA,NA,NA,NA,NA,NA,NA,NA,NA,NA,NA,NA,NA,NA,NA,NA
Yamato 983679,40301,Valid,LL-melt breccia,3.95,Found,1998,0,0,"(0.0, 0.0)",NA,NA,NA,NA,NA,NA,NA,NA,NA,NA,NA,NA,NA,NA,NA,NA,NA
Yamato 983681,40303,Valid,LL-melt breccia,3.73,Found,1998,0,0,"(0.0, 0.0)",NA,NA,NA,NA,NA,NA,NA,NA,NA,NA,NA,NA,NA,NA,NA,NA,NA
Yamato 983682,40304,Valid,LL-melt breccia,3.73,Found,1998,0,0,"(0.0, 0.0)",NA,NA,NA,NA,NA,NA,NA,NA,NA,NA,NA,NA,NA,NA,NA,NA,NA
Yamato 983691,40313,Valid,LL-melt breccia,3.71,Found,1998,0,0,"(0.0, 0.0)",NA,NA,NA,NA,NA,NA,NA,NA,NA,NA,NA,NA,NA,NA,NA,NA,NA
Yamato 983692,40314,Valid,LL-melt breccia,5.4,Found,1998,0,0,"(0.0, 0.0)",NA,NA,NA,NA,NA,NA,NA,NA,NA,NA,NA,NA,NA,NA,NA,NA,NA
Yamato 983693,40315,Valid,LL-melt breccia,8.75,Found,1998,0,0,"(0.0, 0.0)",NA,NA,NA,NA,NA,NA,NA,NA,NA,NA,NA,NA,NA,NA,NA,NA,NA
Yamato 983695,40317,Valid,LL-melt breccia,9.6,Found,1998,0,0,"(0.0, 0.0)",NA,NA,NA,NA,NA,NA,NA,NA,NA,NA,NA,NA,NA,NA,NA,NA,NA
Yamato 983696,40318,Valid,LL-melt breccia,3.88,Found,1998,0,0,"(0.0, 0.0)",NA,NA,NA,NA,NA,NA,NA,NA,NA,NA,NA,NA,NA,NA,NA,NA,NA
Yamato 983703,40325,Valid,H4,13.77,Found,1998,0,0,"(0.0, 0.0)",NA,NA,NA,NA,NA,NA,NA,NA,NA,NA,NA,NA,NA,NA,NA,NA,NA
Yamato 983716,40338,Valid,H4,116.2,Found,1998,0,0,"(0.0, 0.0)",NA,NA,NA,NA,NA,NA,NA,NA,NA,NA,NA,NA,NA,NA,NA,NA,NA
Yamato 983719,40341,Valid,L6,5.62,Found,1998,0,0,"(0.0, 0.0)",NA,NA,NA,NA,NA,NA,NA,NA,NA,NA,NA,NA,NA,NA,NA,NA,NA
Yamato 983720,40342,Valid,R4,13.89,Found,1998,0,0,"(0.0, 0.0)",NA,NA,NA,NA,NA,NA,NA,NA,NA,NA,NA,NA,NA,NA,NA,NA,NA
Yamato 983724,40346,Valid,H4,4.65,Found,1998,0,0,"(0.0, 0.0)",NA,NA,NA,NA,NA,NA,NA,NA,NA,NA,NA,NA,NA,NA,NA,NA,NA
Yamato 983729,40351,Valid,L-melt breccia,4.04,Found,1998,0,0,"(0.0, 0.0)",NA,NA,NA,NA,NA,NA,NA,NA,NA,NA,NA,NA,NA,NA,NA,NA,NA
Yamato 983730,40352,Valid,H4-5,26.49,Found,1998,0,0,"(0.0, 0.0)",NA,NA,NA,NA,NA,NA,NA,NA,NA,NA,NA,NA,NA,NA,NA,NA,NA
Yamato 983731,40353,Valid,H4,15.73,Found,1998,0,0,"(0.0, 0.0)",NA,NA,NA,NA,NA,NA,NA,NA,NA,NA,NA,NA,NA,NA,NA,NA,NA
Yamato 983732,40354,Valid,H4,28.76,Found,1998,0,0,"(0.0, 0.0)",NA,NA,NA,NA,NA,NA,NA,NA,NA,NA,NA,NA,NA,NA,NA,NA,NA
Yamato 983734,40356,Valid,H4,3.11,Found,1998,0,0,"(0.0, 0.0)",NA,NA,NA,NA,NA,NA,NA,NA,NA,NA,NA,NA,NA,NA,NA,NA,NA
Yamato 983742,40364,Valid,LL,9.56,Found,1998,0,0,"(0.0, 0.0)",NA,NA,NA,NA,NA,NA,NA,NA,NA,NA,NA,NA,NA,NA,NA,NA,NA
Yamato 983746,40368,Valid,LL-melt breccia,16.83,Found,1998,0,0,"(0.0, 0.0)",NA,NA,NA,NA,NA,NA,NA,NA,NA,NA,NA,NA,NA,NA,NA,NA,NA
Yamato 983748,40370,Valid,L6,301,Found,1998,0,0,"(0.0, 0.0)",NA,NA,NA,NA,NA,NA,NA,NA,NA,NA,NA,NA,NA,NA,NA,NA,NA
Yamato 983750,40372,Valid,LL-melt breccia,18.92,Found,1998,0,0,"(0.0, 0.0)",NA,NA,NA,NA,NA,NA,NA,NA,NA,NA,NA,NA,NA,NA,NA,NA,NA
Yamato 983753,40375,Valid,H6,5.99,Found,1998,0,0,"(0.0, 0.0)",NA,NA,NA,NA,NA,NA,NA,NA,NA,NA,NA,NA,NA,NA,NA,NA,NA
Yamato 983754,40376,Valid,H4,6.86,Found,1998,0,0,"(0.0, 0.0)",NA,NA,NA,NA,NA,NA,NA,NA,NA,NA,NA,NA,NA,NA,NA,NA,NA
Yamato 983755,40377,Valid,L6,7.86,Found,1998,0,0,"(0.0, 0.0)",NA,NA,NA,NA,NA,NA,NA,NA,NA,NA,NA,NA,NA,NA,NA,NA,NA
Yamato 983756,40378,Valid,L6,79.02,Found,1998,0,0,"(0.0, 0.0)",NA,NA,NA,NA,NA,NA,NA,NA,NA,NA,NA,NA,NA,NA,NA,NA,NA
Yamato 983759,40381,Valid,L6,13,Found,1998,0,0,"(0.0, 0.0)",NA,NA,NA,NA,NA,NA,NA,NA,NA,NA,NA,NA,NA,NA,NA,NA,NA
Yamato 983761,40383,Valid,H4,13.91,Found,1998,0,0,"(0.0, 0.0)",NA,NA,NA,NA,NA,NA,NA,NA,NA,NA,NA,NA,NA,NA,NA,NA,NA
Yamato 983762,40384,Valid,H5,15.51,Found,1998,0,0,"(0.0, 0.0)",NA,NA,NA,NA,NA,NA,NA,NA,NA,NA,NA,NA,NA,NA,NA,NA,NA
Yamato 983766,40388,Valid,L6,20.69,Found,1998,0,0,"(0.0, 0.0)",NA,NA,NA,NA,NA,NA,NA,NA,NA,NA,NA,NA,NA,NA,NA,NA,NA
Yamato 983767,40389,Valid,H4,7.77,Found,1998,0,0,"(0.0, 0.0)",NA,NA,NA,NA,NA,NA,NA,NA,NA,NA,NA,NA,NA,NA,NA,NA,NA
Yamato 983769,40391,Valid,L6,5.74,Found,1998,0,0,"(0.0, 0.0)",NA,NA,NA,NA,NA,NA,NA,NA,NA,NA,NA,NA,NA,NA,NA,NA,NA
Yamato 983770,40392,Valid,L6,6.57,Found,1998,0,0,"(0.0, 0.0)",NA,NA,NA,NA,NA,NA,NA,NA,NA,NA,NA,NA,NA,NA,NA,NA,NA
Yamato 983773,40395,Valid,L6,18.99,Found,1998,0,0,"(0.0, 0.0)",NA,NA,NA,NA,NA,NA,NA,NA,NA,NA,NA,NA,NA,NA,NA,NA,NA
Yamato 983778,40400,Valid,H5,9.15,Found,1998,0,0,"(0.0, 0.0)",NA,NA,NA,NA,NA,NA,NA,NA,NA,NA,NA,NA,NA,NA,NA,NA,NA
Yamato 983779,40401,Valid,H5,7.91,Found,1998,0,0,"(0.0, 0.0)",NA,NA,NA,NA,NA,NA,NA,NA,NA,NA,NA,NA,NA,NA,NA,NA,NA
Yamato 983782,40404,Valid,H6,7.43,Found,1998,0,0,"(0.0, 0.0)",NA,NA,NA,NA,NA,NA,NA,NA,NA,NA,NA,NA,NA,NA,NA,NA,NA
Yamato 983783,40405,Valid,H5,6.28,Found,1998,0,0,"(0.0, 0.0)",NA,NA,NA,NA,NA,NA,NA,NA,NA,NA,NA,NA,NA,NA,NA,NA,NA
Yamato 983784,40406,Valid,H5,5.93,Found,1998,0,0,"(0.0, 0.0)",NA,NA,NA,NA,NA,NA,NA,NA,NA,NA,NA,NA,NA,NA,NA,NA,NA
Yamato 983785,40407,Valid,H5,5.93,Found,1998,0,0,"(0.0, 0.0)",NA,NA,NA,NA,NA,NA,NA,NA,NA,NA,NA,NA,NA,NA,NA,NA,NA
Yamato 983786,40408,Valid,H5,4.92,Found,1998,0,0,"(0.0, 0.0)",NA,NA,NA,NA,NA,NA,NA,NA,NA,NA,NA,NA,NA,NA,NA,NA,NA
Yamato 983787,40409,Valid,H5,4.74,Found,1998,0,0,"(0.0, 0.0)",NA,NA,NA,NA,NA,NA,NA,NA,NA,NA,NA,NA,NA,NA,NA,NA,NA
Yamato 983789,40411,Valid,H4,4.93,Found,1998,0,0,"(0.0, 0.0)",NA,NA,NA,NA,NA,NA,NA,NA,NA,NA,NA,NA,NA,NA,NA,NA,NA
Yamato 983790,40412,Valid,H4,4.6,Found,1998,0,0,"(0.0, 0.0)",NA,NA,NA,NA,NA,NA,NA,NA,NA,NA,NA,NA,NA,NA,NA,NA,NA
Yamato 983791,40413,Valid,H5,4.65,Found,1998,0,0,"(0.0, 0.0)",NA,NA,NA,NA,NA,NA,NA,NA,NA,NA,NA,NA,NA,NA,NA,NA,NA
Yamato 983792,40414,Valid,H4,5.92,Found,1998,0,0,"(0.0, 0.0)",NA,NA,NA,NA,NA,NA,NA,NA,NA,NA,NA,NA,NA,NA,NA,NA,NA
Yamato 983794,40416,Valid,H5,5.24,Found,1998,0,0,"(0.0, 0.0)",NA,NA,NA,NA,NA,NA,NA,NA,NA,NA,NA,NA,NA,NA,NA,NA,NA
Yamato 983795,40417,Valid,H4,4.98,Found,1998,0,0,"(0.0, 0.0)",NA,NA,NA,NA,NA,NA,NA,NA,NA,NA,NA,NA,NA,NA,NA,NA,NA
Yamato 983796,40418,Valid,H5,3.76,Found,1998,0,0,"(0.0, 0.0)",NA,NA,NA,NA,NA,NA,NA,NA,NA,NA,NA,NA,NA,NA,NA,NA,NA
Yamato 983798,40420,Valid,H5,4.7,Found,1998,0,0,"(0.0, 0.0)",NA,NA,NA,NA,NA,NA,NA,NA,NA,NA,NA,NA,NA,NA,NA,NA,NA
Yamato 983799,40421,Valid,H5,3.18,Found,1998,0,0,"(0.0, 0.0)",NA,NA,NA,NA,NA,NA,NA,NA,NA,NA,NA,NA,NA,NA,NA,NA,NA
Yamato 983800,40422,Valid,H5,3.13,Found,1998,0,0,"(0.0, 0.0)",NA,NA,NA,NA,NA,NA,NA,NA,NA,NA,NA,NA,NA,NA,NA,NA,NA
Yamato 983801,40423,Valid,H5,3.26,Found,1998,0,0,"(0.0, 0.0)",NA,NA,NA,NA,NA,NA,NA,NA,NA,NA,NA,NA,NA,NA,NA,NA,NA
Yamato 983806,40428,Valid,H5,4.83,Found,1998,0,0,"(0.0, 0.0)",NA,NA,NA,NA,NA,NA,NA,NA,NA,NA,NA,NA,NA,NA,NA,NA,NA
Yamato 983807,40429,Valid,Diogenite,17.36,Found,1998,0,0,"(0.0, 0.0)",NA,NA,NA,NA,NA,NA,NA,NA,NA,NA,NA,NA,NA,NA,NA,NA,NA
Yamato 983809,40431,Valid,H5,52.91,Found,1998,0,0,"(0.0, 0.0)",NA,NA,NA,NA,NA,NA,NA,NA,NA,NA,NA,NA,NA,NA,NA,NA,NA
Yamato 983810,40432,Valid,H5,17.89,Found,1998,0,0,"(0.0, 0.0)",NA,NA,NA,NA,NA,NA,NA,NA,NA,NA,NA,NA,NA,NA,NA,NA,NA
Yamato 983811,40433,Valid,H6,13.74,Found,1998,0,0,"(0.0, 0.0)",NA,NA,NA,NA,NA,NA,NA,NA,NA,NA,NA,NA,NA,NA,NA,NA,NA
Yamato 983813,40435,Valid,H4,14.65,Found,1998,0,0,"(0.0, 0.0)",NA,NA,NA,NA,NA,NA,NA,NA,NA,NA,NA,NA,NA,NA,NA,NA,NA
Yamato 983814,40436,Valid,H4,11.7,Found,1998,0,0,"(0.0, 0.0)",NA,NA,NA,NA,NA,NA,NA,NA,NA,NA,NA,NA,NA,NA,NA,NA,NA
Yamato 983817,40439,Valid,H4,8.7,Found,1998,0,0,"(0.0, 0.0)",NA,NA,NA,NA,NA,NA,NA,NA,NA,NA,NA,NA,NA,NA,NA,NA,NA
Yamato 983819,40441,Valid,H4,6.25,Found,1998,0,0,"(0.0, 0.0)",NA,NA,NA,NA,NA,NA,NA,NA,NA,NA,NA,NA,NA,NA,NA,NA,NA
Yamato 983820,55601,Valid,H4,7.22,Found,1998,0,0,"(0.0, 0.0)",NA,NA,NA,NA,NA,NA,NA,NA,NA,NA,NA,NA,NA,NA,NA,NA,NA
Yamato 983822,40443,Valid,H4,3.79,Found,1998,0,0,"(0.0, 0.0)",NA,NA,NA,NA,NA,NA,NA,NA,NA,NA,NA,NA,NA,NA,NA,NA,NA
Yamato 983824,40445,Valid,H4,4.04,Found,1998,0,0,"(0.0, 0.0)",NA,NA,NA,NA,NA,NA,NA,NA,NA,NA,NA,NA,NA,NA,NA,NA,NA
Yamato 983828,40449,Valid,H5,81.56,Found,1998,0,0,"(0.0, 0.0)",NA,NA,NA,NA,NA,NA,NA,NA,NA,NA,NA,NA,NA,NA,NA,NA,NA
Yamato 983833,40454,Valid,H4,31.47,Found,1998,0,0,"(0.0, 0.0)",NA,NA,NA,NA,NA,NA,NA,NA,NA,NA,NA,NA,NA,NA,NA,NA,NA
Yamato 983834,40455,Valid,H4,29.84,Found,1998,0,0,"(0.0, 0.0)",NA,NA,NA,NA,NA,NA,NA,NA,NA,NA,NA,NA,NA,NA,NA,NA,NA
Yamato 983835,40456,Valid,H4,16.69,Found,1998,0,0,"(0.0, 0.0)",NA,NA,NA,NA,NA,NA,NA,NA,NA,NA,NA,NA,NA,NA,NA,NA,NA
Yamato 983837,40458,Valid,H4,57.03,Found,1998,0,0,"(0.0, 0.0)",NA,NA,NA,NA,NA,NA,NA,NA,NA,NA,NA,NA,NA,NA,NA,NA,NA
Yamato 983839,40460,Valid,H4,19.04,Found,1998,0,0,"(0.0, 0.0)",NA,NA,NA,NA,NA,NA,NA,NA,NA,NA,NA,NA,NA,NA,NA,NA,NA
Yamato 983841,40462,Valid,H4,12.16,Found,1998,0,0,"(0.0, 0.0)",NA,NA,NA,NA,NA,NA,NA,NA,NA,NA,NA,NA,NA,NA,NA,NA,NA
Yamato 983842,40463,Valid,H4,10.39,Found,1998,0,0,"(0.0, 0.0)",NA,NA,NA,NA,NA,NA,NA,NA,NA,NA,NA,NA,NA,NA,NA,NA,NA
Yamato 983844,40465,Valid,H4,9.22,Found,1998,0,0,"(0.0, 0.0)",NA,NA,NA,NA,NA,NA,NA,NA,NA,NA,NA,NA,NA,NA,NA,NA,NA
Yamato 983845,40466,Valid,H4,8.56,Found,1998,0,0,"(0.0, 0.0)",NA,NA,NA,NA,NA,NA,NA,NA,NA,NA,NA,NA,NA,NA,NA,NA,NA
Yamato 983847,40468,Valid,H4,33.75,Found,1998,0,0,"(0.0, 0.0)",NA,NA,NA,NA,NA,NA,NA,NA,NA,NA,NA,NA,NA,NA,NA,NA,NA
Yamato 983850,40471,Valid,L5,32.16,Found,1998,0,0,"(0.0, 0.0)",NA,NA,NA,NA,NA,NA,NA,NA,NA,NA,NA,NA,NA,NA,NA,NA,NA
Yamato 983851,40472,Valid,L6,29.86,Found,1998,0,0,"(0.0, 0.0)",NA,NA,NA,NA,NA,NA,NA,NA,NA,NA,NA,NA,NA,NA,NA,NA,NA
Yamato 983852,40473,Valid,H4,70.64,Found,1998,0,0,"(0.0, 0.0)",NA,NA,NA,NA,NA,NA,NA,NA,NA,NA,NA,NA,NA,NA,NA,NA,NA
Yamato 983856,40477,Valid,LL6,7.44,Found,1998,0,0,"(0.0, 0.0)",NA,NA,NA,NA,NA,NA,NA,NA,NA,NA,NA,NA,NA,NA,NA,NA,NA
Yamato 983858,40479,Valid,H5,8.14,Found,1998,0,0,"(0.0, 0.0)",NA,NA,NA,NA,NA,NA,NA,NA,NA,NA,NA,NA,NA,NA,NA,NA,NA
Yamato 983867,40488,Valid,L6,16.32,Found,1998,0,0,"(0.0, 0.0)",NA,NA,NA,NA,NA,NA,NA,NA,NA,NA,NA,NA,NA,NA,NA,NA,NA
Yamato 983869,40490,Valid,H6,29.37,Found,1998,0,0,"(0.0, 0.0)",NA,NA,NA,NA,NA,NA,NA,NA,NA,NA,NA,NA,NA,NA,NA,NA,NA
Yamato 983870,40491,Valid,H4,4.07,Found,1998,0,0,"(0.0, 0.0)",NA,NA,NA,NA,NA,NA,NA,NA,NA,NA,NA,NA,NA,NA,NA,NA,NA
Yamato 983871,40492,Valid,H-melt breccia,81.77,Found,1998,0,0,"(0.0, 0.0)",NA,NA,NA,NA,NA,NA,NA,NA,NA,NA,NA,NA,NA,NA,NA,NA,NA
Yamato 983875,40496,Valid,H4,12.84,Found,1998,0,0,"(0.0, 0.0)",NA,NA,NA,NA,NA,NA,NA,NA,NA,NA,NA,NA,NA,NA,NA,NA,NA
Yamato 983877,40498,Valid,H4,3.6,Found,1998,0,0,"(0.0, 0.0)",NA,NA,NA,NA,NA,NA,NA,NA,NA,NA,NA,NA,NA,NA,NA,NA,NA
Yamato 983879,40500,Valid,L6,81.5,Found,1998,0,0,"(0.0, 0.0)",NA,NA,NA,NA,NA,NA,NA,NA,NA,NA,NA,NA,NA,NA,NA,NA,NA
Yamato 983881,40502,Valid,H5,5.72,Found,1998,0,0,"(0.0, 0.0)",NA,NA,NA,NA,NA,NA,NA,NA,NA,NA,NA,NA,NA,NA,NA,NA,NA
Yamato 983883,40504,Valid,L6,38.95,Found,1998,0,0,"(0.0, 0.0)",NA,NA,NA,NA,NA,NA,NA,NA,NA,NA,NA,NA,NA,NA,NA,NA,NA
Yamato 983885,30344,Valid,Lunar (anorth),289.71,Found,1999,-71.56283,36.00517,"(-71.56283, 36.00517)",NA,NA,NA,NA,NA,NA,NA,NA,NA,NA,NA,NA,NA,NA,NA,NA,NA
Yamato 983886,40506,Valid,H5,27.39,Found,1998,0,0,"(0.0, 0.0)",NA,NA,NA,NA,NA,NA,NA,NA,NA,NA,NA,NA,NA,NA,NA,NA,NA
Yamato 983887,40507,Valid,H4,25.8,Found,1998,0,0,"(0.0, 0.0)",NA,NA,NA,NA,NA,NA,NA,NA,NA,NA,NA,NA,NA,NA,NA,NA,NA
Yamato 983890,40510,Valid,Ureilite-pmict,10.79,Found,1998,0,0,"(0.0, 0.0)",NA,NA,NA,NA,NA,NA,NA,NA,NA,NA,NA,NA,NA,NA,NA,NA,NA
Yamato 983897,40517,Valid,H5,154.9,Found,1998,0,0,"(0.0, 0.0)",NA,NA,NA,NA,NA,NA,NA,NA,NA,NA,NA,NA,NA,NA,NA,NA,NA
Yamato 983902,40522,Valid,LL-melt breccia,199.2,Found,1998,0,0,"(0.0, 0.0)",NA,NA,NA,NA,NA,NA,NA,NA,NA,NA,NA,NA,NA,NA,NA,NA,NA
Yamato 983906,40526,Valid,H5,21.76,Found,1998,0,0,"(0.0, 0.0)",NA,NA,NA,NA,NA,NA,NA,NA,NA,NA,NA,NA,NA,NA,NA,NA,NA
Yamato 983907,40527,Valid,H4,15.3,Found,1998,0,0,"(0.0, 0.0)",NA,NA,NA,NA,NA,NA,NA,NA,NA,NA,NA,NA,NA,NA,NA,NA,NA
Yamato 983910,40530,Valid,H6,20.16,Found,1998,0,0,"(0.0, 0.0)",NA,NA,NA,NA,NA,NA,NA,NA,NA,NA,NA,NA,NA,NA,NA,NA,NA
Yamato 983911,40531,Valid,H5,133.5,Found,1998,0,0,"(0.0, 0.0)",NA,NA,NA,NA,NA,NA,NA,NA,NA,NA,NA,NA,NA,NA,NA,NA,NA
Yamato 983914,40534,Valid,H3,107.6,Found,1998,0,0,"(0.0, 0.0)",NA,NA,NA,NA,NA,NA,NA,NA,NA,NA,NA,NA,NA,NA,NA,NA,NA
Yamato 983917,40537,Valid,H5,15.98,Found,1998,0,0,"(0.0, 0.0)",NA,NA,NA,NA,NA,NA,NA,NA,NA,NA,NA,NA,NA,NA,NA,NA,NA
Yamato 983918,40538,Valid,L6,295.7,Found,1998,0,0,"(0.0, 0.0)",NA,NA,NA,NA,NA,NA,NA,NA,NA,NA,NA,NA,NA,NA,NA,NA,NA
Yamato 983921,40541,Valid,H5,10.7,Found,1998,0,0,"(0.0, 0.0)",NA,NA,NA,NA,NA,NA,NA,NA,NA,NA,NA,NA,NA,NA,NA,NA,NA
Yamato 983923,40543,Valid,H5,7.7,Found,1998,0,0,"(0.0, 0.0)",NA,NA,NA,NA,NA,NA,NA,NA,NA,NA,NA,NA,NA,NA,NA,NA,NA
Yamato 983925,40545,Valid,H5,4.54,Found,1998,0,0,"(0.0, 0.0)",NA,NA,NA,NA,NA,NA,NA,NA,NA,NA,NA,NA,NA,NA,NA,NA,NA
Yamato 983926,40546,Valid,H5,4.5,Found,1998,0,0,"(0.0, 0.0)",NA,NA,NA,NA,NA,NA,NA,NA,NA,NA,NA,NA,NA,NA,NA,NA,NA
Yamato 983929,40549,Valid,H6,101.1,Found,1998,0,0,"(0.0, 0.0)",NA,NA,NA,NA,NA,NA,NA,NA,NA,NA,NA,NA,NA,NA,NA,NA,NA
Yamato 983931,40551,Valid,H/L4,8.12,Found,1998,0,0,"(0.0, 0.0)",NA,NA,NA,NA,NA,NA,NA,NA,NA,NA,NA,NA,NA,NA,NA,NA,NA
Yamato 983933,40553,Valid,H5,7.05,Found,1998,0,0,"(0.0, 0.0)",NA,NA,NA,NA,NA,NA,NA,NA,NA,NA,NA,NA,NA,NA,NA,NA,NA
Yamato 983937,40557,Valid,H5,19.76,Found,1998,0,0,"(0.0, 0.0)",NA,NA,NA,NA,NA,NA,NA,NA,NA,NA,NA,NA,NA,NA,NA,NA,NA
Yamato 983938,40558,Valid,H4,20.65,Found,1998,0,0,"(0.0, 0.0)",NA,NA,NA,NA,NA,NA,NA,NA,NA,NA,NA,NA,NA,NA,NA,NA,NA
Yamato 983944,40564,Valid,H6,11.93,Found,1998,0,0,"(0.0, 0.0)",NA,NA,NA,NA,NA,NA,NA,NA,NA,NA,NA,NA,NA,NA,NA,NA,NA
Yamato 983945,40565,Valid,H6,3.89,Found,1998,0,0,"(0.0, 0.0)",NA,NA,NA,NA,NA,NA,NA,NA,NA,NA,NA,NA,NA,NA,NA,NA,NA
Yamato 983950,40570,Valid,H5,21.87,Found,1998,0,0,"(0.0, 0.0)",NA,NA,NA,NA,NA,NA,NA,NA,NA,NA,NA,NA,NA,NA,NA,NA,NA
Yamato 983955,40575,Valid,H5,184.3,Found,1998,0,0,"(0.0, 0.0)",NA,NA,NA,NA,NA,NA,NA,NA,NA,NA,NA,NA,NA,NA,NA,NA,NA
Yamato 983956,40576,Valid,H5,14.24,Found,1998,0,0,"(0.0, 0.0)",NA,NA,NA,NA,NA,NA,NA,NA,NA,NA,NA,NA,NA,NA,NA,NA,NA
Yamato 983960,40580,Valid,H6,6.75,Found,1998,0,0,"(0.0, 0.0)",NA,NA,NA,NA,NA,NA,NA,NA,NA,NA,NA,NA,NA,NA,NA,NA,NA
Yamato 983964,40584,Valid,LL5,4.25,Found,1998,0,0,"(0.0, 0.0)",NA,NA,NA,NA,NA,NA,NA,NA,NA,NA,NA,NA,NA,NA,NA,NA,NA
Yamato 983965,40585,Valid,H5,94.74,Found,1998,0,0,"(0.0, 0.0)",NA,NA,NA,NA,NA,NA,NA,NA,NA,NA,NA,NA,NA,NA,NA,NA,NA
Yamato 983979,40599,Valid,H4,194.5,Found,1998,0,0,"(0.0, 0.0)",NA,NA,NA,NA,NA,NA,NA,NA,NA,NA,NA,NA,NA,NA,NA,NA,NA
Yamato 983982,40602,Valid,H4,22.42,Found,1998,0,0,"(0.0, 0.0)",NA,NA,NA,NA,NA,NA,NA,NA,NA,NA,NA,NA,NA,NA,NA,NA,NA
Yamato 983983,40603,Valid,H4,13.7,Found,1998,0,0,"(0.0, 0.0)",NA,NA,NA,NA,NA,NA,NA,NA,NA,NA,NA,NA,NA,NA,NA,NA,NA
Yamato 983985,40605,Valid,H4,8.02,Found,1998,0,0,"(0.0, 0.0)",NA,NA,NA,NA,NA,NA,NA,NA,NA,NA,NA,NA,NA,NA,NA,NA,NA
Yamato 983987,40607,Valid,H4,9.18,Found,1998,0,0,"(0.0, 0.0)",NA,NA,NA,NA,NA,NA,NA,NA,NA,NA,NA,NA,NA,NA,NA,NA,NA
Yamato 983988,40608,Valid,H4,6.19,Found,1998,0,0,"(0.0, 0.0)",NA,NA,NA,NA,NA,NA,NA,NA,NA,NA,NA,NA,NA,NA,NA,NA,NA
Yamato 983990,40610,Valid,H4,3.48,Found,1998,0,0,"(0.0, 0.0)",NA,NA,NA,NA,NA,NA,NA,NA,NA,NA,NA,NA,NA,NA,NA,NA,NA
Yamato 983991,40611,Valid,H4,35.09,Found,1998,0,0,"(0.0, 0.0)",NA,NA,NA,NA,NA,NA,NA,NA,NA,NA,NA,NA,NA,NA,NA,NA,NA
Yamato 983992,40612,Valid,H4,82.19,Found,1998,0,0,"(0.0, 0.0)",NA,NA,NA,NA,NA,NA,NA,NA,NA,NA,NA,NA,NA,NA,NA,NA,NA
Yamato 984000,40620,Valid,L6,5.93,Found,1998,0,0,"(0.0, 0.0)",NA,NA,NA,NA,NA,NA,NA,NA,NA,NA,NA,NA,NA,NA,NA,NA,NA
Yamato 984002,40622,Valid,L6,21.23,Found,1998,0,0,"(0.0, 0.0)",NA,NA,NA,NA,NA,NA,NA,NA,NA,NA,NA,NA,NA,NA,NA,NA,NA
Yamato 984003,40623,Valid,L6,6.09,Found,1998,0,0,"(0.0, 0.0)",NA,NA,NA,NA,NA,NA,NA,NA,NA,NA,NA,NA,NA,NA,NA,NA,NA
Yamato 984006,40626,Valid,H4,6.95,Found,1998,0,0,"(0.0, 0.0)",NA,NA,NA,NA,NA,NA,NA,NA,NA,NA,NA,NA,NA,NA,NA,NA,NA
Yamato 984007,40627,Valid,L6,12.36,Found,1998,0,0,"(0.0, 0.0)",NA,NA,NA,NA,NA,NA,NA,NA,NA,NA,NA,NA,NA,NA,NA,NA,NA
Yamato 984008,40628,Valid,L6,41.23,Found,1998,0,0,"(0.0, 0.0)",NA,NA,NA,NA,NA,NA,NA,NA,NA,NA,NA,NA,NA,NA,NA,NA,NA
Yamato 984009,40629,Valid,H4,9.48,Found,1998,0,0,"(0.0, 0.0)",NA,NA,NA,NA,NA,NA,NA,NA,NA,NA,NA,NA,NA,NA,NA,NA,NA
Yamato 984019,40639,Valid,H4,4.69,Found,1998,0,0,"(0.0, 0.0)",NA,NA,NA,NA,NA,NA,NA,NA,NA,NA,NA,NA,NA,NA,NA,NA,NA
Yamato 984021,40641,Valid,H4,49.16,Found,1998,0,0,"(0.0, 0.0)",NA,NA,NA,NA,NA,NA,NA,NA,NA,NA,NA,NA,NA,NA,NA,NA,NA
Yamato 984027,40647,Valid,H5,13.93,Found,1998,0,0,"(0.0, 0.0)",NA,NA,NA,NA,NA,NA,NA,NA,NA,NA,NA,NA,NA,NA,NA,NA,NA
Yamato 984030,40650,Valid,H4,16.66,Found,1998,0,0,"(0.0, 0.0)",NA,NA,NA,NA,NA,NA,NA,NA,NA,NA,NA,NA,NA,NA,NA,NA,NA
Yamato 984035,40655,Valid,L4,13.65,Found,1998,0,0,"(0.0, 0.0)",NA,NA,NA,NA,NA,NA,NA,NA,NA,NA,NA,NA,NA,NA,NA,NA,NA
Yamato 984036,40656,Valid,L4,10.07,Found,1998,0,0,"(0.0, 0.0)",NA,NA,NA,NA,NA,NA,NA,NA,NA,NA,NA,NA,NA,NA,NA,NA,NA
Yamato 984040,40660,Valid,L4,7.36,Found,1998,0,0,"(0.0, 0.0)",NA,NA,NA,NA,NA,NA,NA,NA,NA,NA,NA,NA,NA,NA,NA,NA,NA
Yamato 984041,40661,Valid,H4-6,9.03,Found,1998,0,0,"(0.0, 0.0)",NA,NA,NA,NA,NA,NA,NA,NA,NA,NA,NA,NA,NA,NA,NA,NA,NA
Yamato 984043,40663,Valid,H5,21.69,Found,1998,0,0,"(0.0, 0.0)",NA,NA,NA,NA,NA,NA,NA,NA,NA,NA,NA,NA,NA,NA,NA,NA,NA
Yamato 984045,40665,Valid,L3,15.21,Found,1998,0,0,"(0.0, 0.0)",NA,NA,NA,NA,NA,NA,NA,NA,NA,NA,NA,NA,NA,NA,NA,NA,NA
Yamato 984046,40666,Valid,H4,3.17,Found,1998,0,0,"(0.0, 0.0)",NA,NA,NA,NA,NA,NA,NA,NA,NA,NA,NA,NA,NA,NA,NA,NA,NA
Yamato 984047,40667,Valid,H4,19.28,Found,1998,0,0,"(0.0, 0.0)",NA,NA,NA,NA,NA,NA,NA,NA,NA,NA,NA,NA,NA,NA,NA,NA,NA
Yamato 984048,40668,Valid,H4,14.22,Found,1998,0,0,"(0.0, 0.0)",NA,NA,NA,NA,NA,NA,NA,NA,NA,NA,NA,NA,NA,NA,NA,NA,NA
Yamato 984049,40669,Valid,H4,5.3,Found,1998,0,0,"(0.0, 0.0)",NA,NA,NA,NA,NA,NA,NA,NA,NA,NA,NA,NA,NA,NA,NA,NA,NA
Yamato 984053,40673,Valid,H4,49.89,Found,1998,0,0,"(0.0, 0.0)",NA,NA,NA,NA,NA,NA,NA,NA,NA,NA,NA,NA,NA,NA,NA,NA,NA
Yamato 984054,40674,Valid,H4,22.96,Found,1998,0,0,"(0.0, 0.0)",NA,NA,NA,NA,NA,NA,NA,NA,NA,NA,NA,NA,NA,NA,NA,NA,NA
Yamato 984055,40675,Valid,H4,21.56,Found,1998,0,0,"(0.0, 0.0)",NA,NA,NA,NA,NA,NA,NA,NA,NA,NA,NA,NA,NA,NA,NA,NA,NA
Yamato 984057,40677,Valid,EL6,6.82,Found,1998,0,0,"(0.0, 0.0)",NA,NA,NA,NA,NA,NA,NA,NA,NA,NA,NA,NA,NA,NA,NA,NA,NA
Yamato 984058,40678,Valid,EL6,3.34,Found,1998,0,0,"(0.0, 0.0)",NA,NA,NA,NA,NA,NA,NA,NA,NA,NA,NA,NA,NA,NA,NA,NA,NA
Yamato 984062,40682,Valid,H6,62.66,Found,1998,0,0,"(0.0, 0.0)",NA,NA,NA,NA,NA,NA,NA,NA,NA,NA,NA,NA,NA,NA,NA,NA,NA
Yamato 984063,40683,Valid,H4,12.89,Found,1998,0,0,"(0.0, 0.0)",NA,NA,NA,NA,NA,NA,NA,NA,NA,NA,NA,NA,NA,NA,NA,NA,NA
Yamato 984064,40684,Valid,L6,4.95,Found,1998,0,0,"(0.0, 0.0)",NA,NA,NA,NA,NA,NA,NA,NA,NA,NA,NA,NA,NA,NA,NA,NA,NA
Yamato 984065,40685,Valid,H5,7.02,Found,1998,0,0,"(0.0, 0.0)",NA,NA,NA,NA,NA,NA,NA,NA,NA,NA,NA,NA,NA,NA,NA,NA,NA
Yamato 984075,40695,Valid,H5,9.83,Found,1998,0,0,"(0.0, 0.0)",NA,NA,NA,NA,NA,NA,NA,NA,NA,NA,NA,NA,NA,NA,NA,NA,NA
Yamato 984083,40703,Valid,L5,10.18,Found,1998,0,0,"(0.0, 0.0)",NA,NA,NA,NA,NA,NA,NA,NA,NA,NA,NA,NA,NA,NA,NA,NA,NA
Yamato 984085,40705,Valid,L6,82.55,Found,1998,0,0,"(0.0, 0.0)",NA,NA,NA,NA,NA,NA,NA,NA,NA,NA,NA,NA,NA,NA,NA,NA,NA
Yamato 984086,40706,Valid,Diogenite,38.67,Found,1998,0,0,"(0.0, 0.0)",NA,NA,NA,NA,NA,NA,NA,NA,NA,NA,NA,NA,NA,NA,NA,NA,NA
Yamato 984092,40712,Valid,H6,7.89,Found,1998,0,0,"(0.0, 0.0)",NA,NA,NA,NA,NA,NA,NA,NA,NA,NA,NA,NA,NA,NA,NA,NA,NA
Yamato 984096,40716,Valid,L4,26.96,Found,1998,0,0,"(0.0, 0.0)",NA,NA,NA,NA,NA,NA,NA,NA,NA,NA,NA,NA,NA,NA,NA,NA,NA
Yamato 984099,40719,Valid,L5,6.81,Found,1998,0,0,"(0.0, 0.0)",NA,NA,NA,NA,NA,NA,NA,NA,NA,NA,NA,NA,NA,NA,NA,NA,NA
Yamato 984100,40720,Valid,H5,5.05,Found,1998,0,0,"(0.0, 0.0)",NA,NA,NA,NA,NA,NA,NA,NA,NA,NA,NA,NA,NA,NA,NA,NA,NA
Yamato 984102,40722,Valid,H5,7.2,Found,1998,0,0,"(0.0, 0.0)",NA,NA,NA,NA,NA,NA,NA,NA,NA,NA,NA,NA,NA,NA,NA,NA,NA
Yamato 984111,40731,Valid,EH3,6.06,Found,1998,0,0,"(0.0, 0.0)",NA,NA,NA,NA,NA,NA,NA,NA,NA,NA,NA,NA,NA,NA,NA,NA,NA
Yamato 984119,40739,Valid,Eucrite-pmict,18.16,Found,1998,0,0,"(0.0, 0.0)",NA,NA,NA,NA,NA,NA,NA,NA,NA,NA,NA,NA,NA,NA,NA,NA,NA
Yamato 984127,40747,Valid,L6,36.17,Found,1998,0,0,"(0.0, 0.0)",NA,NA,NA,NA,NA,NA,NA,NA,NA,NA,NA,NA,NA,NA,NA,NA,NA
Yamato 984129,40749,Valid,L6,3.42,Found,1998,0,0,"(0.0, 0.0)",NA,NA,NA,NA,NA,NA,NA,NA,NA,NA,NA,NA,NA,NA,NA,NA,NA
Yamato 984131,40751,Valid,H3,8.23,Found,1998,0,0,"(0.0, 0.0)",NA,NA,NA,NA,NA,NA,NA,NA,NA,NA,NA,NA,NA,NA,NA,NA,NA
Yamato 984133,40753,Valid,L4,8.89,Found,1998,0,0,"(0.0, 0.0)",NA,NA,NA,NA,NA,NA,NA,NA,NA,NA,NA,NA,NA,NA,NA,NA,NA
Yamato 984135,40755,Valid,L5,28.74,Found,1998,0,0,"(0.0, 0.0)",NA,NA,NA,NA,NA,NA,NA,NA,NA,NA,NA,NA,NA,NA,NA,NA,NA
Yamato 984140,40760,Valid,L6,15.72,Found,1998,0,0,"(0.0, 0.0)",NA,NA,NA,NA,NA,NA,NA,NA,NA,NA,NA,NA,NA,NA,NA,NA,NA
Yamato 984147,40767,Valid,LL6,118.9,Found,1998,0,0,"(0.0, 0.0)",NA,NA,NA,NA,NA,NA,NA,NA,NA,NA,NA,NA,NA,NA,NA,NA,NA
Yamato 984148,40768,Valid,L5,4.59,Found,1998,0,0,"(0.0, 0.0)",NA,NA,NA,NA,NA,NA,NA,NA,NA,NA,NA,NA,NA,NA,NA,NA,NA
Yaringie Hill,48950,Valid,H5,5750,Found,2006,-32.08287,135.64985,"(-32.08287, 135.64985)",NA,NA,NA,NA,NA,NA,NA,NA,NA,NA,NA,NA,NA,NA,NA,NA,NA
Yarle Lakes 001,30353,Valid,H5,913,Found,1990,-30.31667,131.46667,"(-30.31667, 131.46667)",NA,NA,NA,NA,NA,NA,NA,NA,NA,NA,NA,NA,NA,NA,NA,NA,NA
Yarle Lakes 002,30354,Valid,H4/5,500,Found,1991,-30.36417,131.3745,"(-30.36417, 131.3745)",NA,NA,NA,NA,NA,NA,NA,NA,NA,NA,NA,NA,NA,NA,NA,NA,NA
Yarle Lakes 003,30355,Valid,L6,14,Found,1993,-30.28,131.35833,"(-30.28, 131.35833)",NA,NA,NA,NA,NA,NA,NA,NA,NA,NA,NA,NA,NA,NA,NA,NA,NA
Yarroweyah,30357,Valid,"Iron, IIAB",9600,Found,1903,-35.98333,145.58333,"(-35.98333, 145.58333)",NA,NA,NA,NA,NA,NA,NA,NA,NA,NA,NA,NA,NA,NA,NA,NA,NA
Yelland 001,54765,Valid,L6,4.5,Found,2011,39.55801,-114.42715,"(39.55801, -114.42715)",NA,NA,NA,NA,NA,NA,NA,NA,NA,NA,NA,NA,NA,NA,NA,NA,NA
Yelland Dry Lake,52641,Valid,H4,76000,Found,2007,39.35067,-114.40783,"(39.35067, -114.40783)",NA,NA,NA,NA,NA,NA,NA,NA,NA,NA,NA,NA,NA,NA,NA,NA,NA
Yenberrie,30361,Valid,"Iron, IAB-MG",132000,Found,1918,-14.25,132.01667,"(-14.25, 132.01667)",NA,NA,NA,NA,NA,NA,NA,NA,NA,NA,NA,NA,NA,NA,NA,NA,NA
Yongning,30365,Valid,"Iron, IAB-ung",60000,Found,1971,22.75,108.33333,"(22.75, 108.33333)",NA,NA,NA,NA,NA,NA,NA,NA,NA,NA,NA,NA,NA,NA,NA,NA,NA
Youanmi,30373,Valid,"Iron, IIIAB",118400,Found,1917,-29.5,118.75,"(-29.5, 118.75)",NA,NA,NA,NA,NA,NA,NA,NA,NA,NA,NA,NA,NA,NA,NA,NA,NA
Youxi,55793,Valid,Mesosiderite-C,218000,Found,2006,26.06,118.01,"(26.06, 118.01)",NA,NA,NA,NA,NA,NA,NA,NA,NA,NA,NA,NA,NA,NA,NA,NA,NA
Ysleta,30375,Valid,"Iron, ungrouped",140700,Found,1914,31.65,-106.18333,"(31.65, -106.18333)",NA,NA,NA,NA,NA,NA,NA,NA,NA,NA,NA,NA,NA,NA,NA,NA,NA
Yucca 015,57175,Valid,H-metal,3,Found,2011,34.8197,-114.2761,"(34.8197, -114.2761)",NA,NA,NA,NA,NA,NA,NA,NA,NA,NA,NA,NA,NA,NA,NA,NA,NA
Yudoma,30376,Valid,"Iron, IVA",7600,Found,1946,60,140,"(60.0, 140.0)",NA,NA,NA,NA,NA,NA,NA,NA,NA,NA,NA,NA,NA,NA,NA,NA,NA
Zacatecas (1792),30381,Valid,"Iron, ungrouped",1.00E+06,Found,1792,22.81667,-102.56667,"(22.81667, -102.56667)",NA,NA,NA,NA,NA,NA,NA,NA,NA,NA,NA,NA,NA,NA,NA,NA,NA
Zacatecas (1969),30382,Valid,"Iron, IIIAB",6660,Found,1969,NA,NA,,NA,NA,NA,NA,NA,NA,NA,NA,NA,NA,NA,NA,NA,NA,NA,NA,NA
Zagora,30387,Valid,"Iron, IAB-ung",50000,Found,1987,30.36667,-5.85,"(30.36667, -5.85)",NA,NA,NA,NA,NA,NA,NA,NA,NA,NA,NA,NA,NA,NA,NA,NA,NA
Zak≈Çodzie,30390,Valid,Enst achon-ung,8680,Found,1998,50.76278,22.86611,"(50.76278, 22.86611)",NA,NA,NA,NA,NA,NA,NA,NA,NA,NA,NA,NA,NA,NA,NA,NA,NA
Zapaliname,30392,Valid,"Iron, IAB-MG",85000,Found,1998,25.00944,-100.75,"(25.00944, -100.75)",NA,NA,NA,NA,NA,NA,NA,NA,NA,NA,NA,NA,NA,NA,NA,NA,NA
Zapata County,30393,Valid,Iron,NA,Found,1930,27,-99,"(27.0, -99.0)",NA,NA,NA,NA,NA,NA,NA,NA,NA,NA,NA,NA,NA,NA,NA,NA,NA
Zaragoza,48916,Valid,"Iron, IVA-an",162000,Found,NA,41.65,-0.86667,"(41.65, -0.86667)",NA,NA,NA,NA,NA,NA,NA,NA,NA,NA,NA,NA,NA,NA,NA,NA,NA
Zegdou,30398,Valid,H3,6700,Found,1998,29.75,-4.5,"(29.75, -4.5)",NA,NA,NA,NA,NA,NA,NA,NA,NA,NA,NA,NA,NA,NA,NA,NA,NA
Zelfana,31353,Valid,L5,1058,Found,2002,32.15833,4.63333,"(32.15833, 4.63333)",NA,NA,NA,NA,NA,NA,NA,NA,NA,NA,NA,NA,NA,NA,NA,NA,NA
Zerga,30402,Valid,LL6,76,Found,1973,20.25,-12.68333,"(20.25, -12.68333)",NA,NA,NA,NA,NA,NA,NA,NA,NA,NA,NA,NA,NA,NA,NA,NA,NA
Zerkaly,31354,Valid,H5,16000,Found,1956,52.13333,81.96667,"(52.13333, 81.96667)",NA,NA,NA,NA,NA,NA,NA,NA,NA,NA,NA,NA,NA,NA,NA,NA,NA
Zubkovsky,31357,Valid,L6,2167,Found,2003,49.78917,41.5046,"(49.78917, 41.5046)",NA,NA,NA,NA,NA,NA,NA,NA,NA,NA,NA,NA,NA,NA,NA,NA,NA
Zulu Queen,30414,Valid,L3.7,200,Found,1976,33.98333,-115.68333,"(33.98333, -115.68333)",NA,NA,NA,NA,NA,NA,NA,NA,NA,NA,NA,NA,NA,NA,NA,NA,NA
P/2004 R1 (McNaught),NA,NA,NA,NA,NA,2010,NA,NA,NA,54629,0.682526943,4.894555854,0.626837835,295.9854497,0.986192006,5.23,5.48,0.027011,NA,NA,NA,NA,20,P/2004 R1 (McNaught),Danger,4.31492161
P/2008 S1 (Catalina-McNaught),NA,NA,NA,NA,NA,2008,NA,NA,NA,55101,0.666312781,15.1007464,203.6490232,111.3920029,1.190641555,5.95,6.74,0.194101,NA,NA,NA,NA,13,P/2008 S1 (Catalina-McNaught),Safe,3.999886029
1P/Halley,NA,NA,NA,NA,NA,1986,NA,NA,NA,49400,0.967142909,162.2626906,111.3324851,58.42008098,0.585978112,35.08,75.32,0.063782,2.70E-10,1.55E-10,NA,NA,J863/77,1P/Halley,Safe,2.06954429
2P/Encke,NA,NA,NA,NA,NA,2013,NA,NA,NA,56870,0.848268251,11.77999525,186.5403463,334.5698056,0.336092386,4.09,3.3,0.173092,1.58E-10,-5.05E-12,NA,NA,74,2P/Encke,Safe,5.52504243
3D/Biela,NA,NA,NA,NA,NA,1832,NA,NA,NA,-9480,0.751299,13.2164,221.6588,250.669,0.879073,6.19,6.65,0.000518,3.90E-09,-2.54E-10,NA,NA,IAUCAT03,3D/Biela,Danger,4.177051016
5D/Brorsen,NA,NA,NA,NA,NA,1879,NA,NA,NA,7440,0.809796,29.3821,14.9468,102.9676,0.589847,5.61,5.46,0.366559,1.27E-08,1.34E-09,NA,NA,IAUCAT03,5D/Brorsen,Safe,4.590103184
7P/Pons-Winnecke,NA,NA,NA,NA,NA,2015,NA,NA,NA,56981,0.637527505,22.33501476,172.5061606,93.41632728,1.239214834,5.6,6.32,0.224191,7.86E-11,-1.15E-11,-1.53E-10,131,K088/14,7P/Pons-Winnecke,Safe,4.03196776
8P/Tuttle,NA,NA,NA,NA,NA,2008,NA,NA,NA,54374,0.819799747,54.98318484,207.509246,270.341652,1.027116587,10.37,13.61,0.09531,6.89E-10,1.37E-10,-4.59E-10,NA,K074/27,8P/Tuttle,Safe,3.401773536
12P/Pons-Brooks,NA,NA,NA,NA,NA,1954,NA,NA,NA,35000,0.954812394,74.17689423,199.0284686,255.8911444,0.773667087,33.47,70.85,0.1873,-1.02E-09,-2.71E-10,NA,NA,15,12P/Pons-Brooks,Safe,2.099407393
13P/Olbers,NA,NA,NA,NA,NA,1956,NA,NA,NA,35760,0.930297148,44.60988573,64.64120652,86.10312835,1.178450614,32.64,69.52,0.477199,9.45E-09,6.49E-10,NA,NA,10,13P/Olbers,Safe,2.087315662
15P/Finlay,NA,NA,NA,NA,NA,2014,NA,NA,NA,57003,0.720183766,6.798912616,347.5528394,13.7781465,0.975900773,6,6.51,0.009433,4.08E-09,6.65E-11,NA,NA,K085/14,15P/Finlay,Danger,4.148633818
18D/Perrine-Mrkos,NA,NA,NA,NA,NA,1968,NA,NA,NA,40240,0.642580982,17.75898277,166.0504171,240.8755466,1.272248081,5.85,6.72,0.28923,NA,NA,NA,NA,J682/18,18D/Perrine-Mrkos,Safe,3.958096283
20D/Westphal,NA,NA,NA,NA,NA,1913,NA,NA,NA,20080,0.919831189,40.89006106,57.08095497,348.0064469,1.254012762,30.03,61.87,0.468283,NA,NA,NA,NA,19,20D/Westphal,Safe,2.158332823
21P/Giacobini-Zinner,NA,NA,NA,NA,NA,2012,NA,NA,NA,56498,0.706817887,31.90810099,172.5844249,195.3970145,1.030696274,6,6.59,0.035395,3.35E-09,-4.29E-10,-9.57E-10,-32.8,K123/6,21P/Giacobini-Zinner,Danger,4.104363752
23P/Brorsen-Metcalf,NA,NA,NA,NA,NA,1989,NA,NA,NA,47800,0.971952258,19.33394047,129.6106837,311.5854622,0.478752711,33.66,70.52,0.193872,2.25E-09,-5.33E-10,NA,NA,13,23P/Brorsen-Metcalf,Safe,2.120853171
24P/Schaumasse,NA,NA,NA,NA,NA,2001,NA,NA,NA,52120,0.704800356,11.75152976,57.87449255,79.8310383,1.205010042,6.96,8.25,0.28218,1.10E-09,-5.86E-10,NA,NA,K014/19,24P/Schaumasse,Safe,3.803939111
26P/Grigg-Skjellerup,NA,NA,NA,NA,NA,2013,NA,NA,NA,56978,0.640277138,22.42889388,2.146692288,211.5375548,1.085247781,4.95,5.24,0.079476,1.13E-10,-1.05E-11,NA,NA,K139/6,26P/Grigg-Skjellerup,Safe,4.296683014
27P/Crommelin,NA,NA,NA,NA,NA,2011,NA,NA,NA,56364,0.918981092,28.96687279,196.0253969,250.6264098,0.748287467,17.72,28.07,0.215189,-3.65E-08,-1.71E-09,2.08E-09,NA,K113/4,27P/Crommelin,Safe,2.807198066
41P/Tuttle-Giacobini-Kresak,NA,NA,NA,NA,NA,2006,NA,NA,NA,53821,0.660412665,9.228028049,62.19321856,141.0929309,1.047777635,5.12,5.42,0.135384,1.35E-08,3.31E-09,NA,NA,K064/9,41P/Tuttle-Giacobini-Kresak,Safe,4.283948368
45P/Honda-Mrkos-Pajdusakova,NA,NA,NA,NA,NA,2011,NA,NA,NA,56060,0.824672076,4.252433261,326.2580404,89.0021809,0.529761421,5.51,5.25,0.060071,3.88E-09,4.33E-10,NA,NA,K112/2,45P/Honda-Mrkos-Pajdusakova,Safe,4.684413703
46P/Wirtanen,NA,NA,NA,NA,NA,2013,NA,NA,NA,56799,0.659202561,11.75713931,356.3402053,82.16439077,1.052262085,5.12,5.43,0.068212,2.82E-09,-1.36E-09,6.65E-10,-3.73,K073/17,46P/Wirtanen,Safe,4.27679611
55P/Tempel-Tuttle,NA,NA,NA,NA,NA,1998,NA,NA,NA,51040,0.905552721,162.4865754,172.5002737,235.2709891,0.976427916,19.7,33.24,0.008481,1.58E-09,9.19E-11,NA,NA,J985/69,55P/Tempel-Tuttle,Danger,2.636348916
66P/du Toit,NA,NA,NA,NA,NA,2003,NA,NA,NA,52920,0.787701487,18.70073632,257.2497193,22.21536497,1.274266775,10.73,14.71,0.430358,-3.77E-10,-1.10E-10,NA,NA,48,66P/du Toit,Safe,3.26357067
67P/Churyumov-Gerasimenko,NA,NA,NA,NA,NA,2015,NA,NA,NA,56981,0.640973931,7.040200902,12.78560607,50.14210951,1.243241683,5.68,6.44,0.257189,1.09E-09,1.07E-10,1.96E-10,NA,K084/21,67P/Churyumov-Gerasimenko,Safe,4.011336206
72P/Denning-Fujikawa,NA,NA,NA,NA,NA,2014,NA,NA,NA,56981,0.819154527,9.16928387,337.8580425,36.10919646,0.784161206,7.89,9.03,0.085253,NA,NA,NA,NA,21,72P/Denning-Fujikawa,Safe,3.901112897
73P/Schwassmann-Wachmann 3,NA,NA,NA,NA,NA,1995,NA,NA,NA,50080,0.694826911,11.4234876,198.7699787,69.94634151,0.932770793,5.18,5.34,0.045198,6.87E-09,4.90E-10,NA,NA,J954/19,73P/Schwassmann-Wachmann 3,Danger,4.379079124
73P/Schwassmann-Wachmann 3-B,NA,NA,NA,NA,NA,2006,NA,NA,NA,53880,0.693285521,11.39695195,198.7994526,69.8924768,0.939111037,5.18,5.36,0.04071,1.49E-08,1.96E-09,NA,NA,K061/24,73P/Schwassmann-Wachmann 3-B,Danger,4.36367371
73P/Schwassmann-Wachmann 3-C,NA,NA,NA,NA,NA,2011,NA,NA,NA,55980,0.692225801,11.37915706,198.8705914,69.8432169,0.942856631,5.18,5.36,0.038373,6.54E-09,4.83E-10,NA,-12.2,K114/1,73P/Schwassmann-Wachmann 3-C,Danger,4.364228621
73P/Schwassmann-Wachmann 3-E,NA,NA,NA,NA,NA,2001,NA,NA,NA,51920,0.693877463,11.40562118,198.7732444,69.91710448,0.937436995,5.19,5.36,0.041033,1.72E-08,5.81E-09,NA,NA,K013/11,73P/Schwassmann-Wachmann 3-E,Danger,4.371583112
73P/Schwassmann-Wachmann 3-G,NA,NA,NA,NA,NA,2006,NA,NA,NA,53839,0.693412971,11.38956229,198.7746011,69.90839961,0.93918393,5.19,5.36,0.04054,NA,NA,NA,NA,19,73P/Schwassmann-Wachmann 3-G,Danger,4.371840727
73P/Schwassmann-Wachmann 3-H,NA,NA,NA,NA,NA,2006,NA,NA,NA,53839,0.693565807,11.3910639,198.7738045,69.90789141,0.939169509,5.19,5.37,0.04055,NA,NA,NA,NA,14,73P/Schwassmann-Wachmann 3-H,Danger,4.363697372
73P/Schwassmann-Wachmann 3-J,NA,NA,NA,NA,NA,2006,NA,NA,NA,53815,0.691538817,11.38026546,198.8694441,69.82886018,0.939020205,5.15,5.31,0.040713,NA,NA,NA,NA,3,73P/Schwassmann-Wachmann 3-J,Danger,4.380053152
73P/Schwassmann-Wachmann 3-K,NA,NA,NA,NA,NA,2006,NA,NA,NA,53839,0.693543485,11.39106462,198.7896439,69.8973434,0.939076844,5.19,5.36,0.040579,NA,NA,NA,NA,4,73P/Schwassmann-Wachmann 3-K,Danger,4.371824922
73P/Schwassmann-Wachmann 3-L,NA,NA,NA,NA,NA,2006,NA,NA,NA,53839,0.694735675,11.3987128,198.7475944,69.93678268,0.939089394,5.21,5.4,0.040654,NA,NA,NA,NA,7,73P/Schwassmann-Wachmann 3-L,Danger,4.355636048
73P/Schwassmann-Wachmann 3-M,NA,NA,NA,NA,NA,2006,NA,NA,NA,53839,0.693940938,11.39436144,198.7775561,69.90530158,0.939096815,5.2,5.37,0.040589,NA,NA,NA,NA,11,73P/Schwassmann-Wachmann 3-M,Danger,4.371828234
73P/Schwassmann-Wachmann 3-N,NA,NA,NA,NA,NA,2006,NA,NA,NA,53839,0.692288994,11.38094121,198.7643511,69.89730281,0.939254358,5.17,5.33,0.040527,NA,NA,NA,NA,14,73P/Schwassmann-Wachmann 3-N,Danger,4.380054417
73P/Schwassmann-Wachmann 3-P,NA,NA,NA,NA,NA,2006,NA,NA,NA,53839,0.695575899,11.40542193,198.7241361,69.9561999,0.939159139,5.23,5.42,0.04065,NA,NA,NA,NA,7,73P/Schwassmann-Wachmann 3-P,Danger,4.355709066
73P/Schwassmann-Wachmann 3-Q,NA,NA,NA,NA,NA,2006,NA,NA,NA,53839,0.698647244,11.4193581,198.4951922,70.13788751,0.939715748,5.3,5.51,0.040746,NA,NA,NA,NA,3,73P/Schwassmann-Wachmann 3-Q,Danger,4.340207541
73P/Schwassmann-Wachmann 3-R,NA,NA,NA,NA,NA,2006,NA,NA,NA,53839,0.694088213,11.3947263,198.7697021,69.91308584,0.939131547,5.2,5.38,0.04058,NA,NA,NA,NA,15,73P/Schwassmann-Wachmann 3-R,Danger,4.363707257
73P/Schwassmann-Wachmann 3-S,NA,NA,NA,NA,NA,2006,NA,NA,NA,53839,0.693358233,11.04818134,181.5621916,81.99161507,1.022366578,5.65,6.09,0.007355,NA,NA,NA,NA,2,73P/Schwassmann-Wachmann 3-S,Danger,4.188824093
73P/Schwassmann-Wachmann 3-T,NA,NA,NA,NA,NA,2006,NA,NA,NA,53839,0.711932414,11.51229958,198.1833801,70.47600442,0.939318776,5.58,5.89,0.041618,NA,NA,NA,NA,5,73P/Schwassmann-Wachmann 3-T,Danger,4.268266789
73P/Schwassmann-Wachmann 3-U,NA,NA,NA,NA,NA,2006,NA,NA,NA,53839,0.689397459,11.35982065,198.8353865,69.83271992,0.939390329,5.11,5.26,0.040297,NA,NA,NA,NA,2,73P/Schwassmann-Wachmann 3-U,Danger,4.388511151
73P/Schwassmann-Wachmann 3-V,NA,NA,NA,NA,NA,2006,NA,NA,NA,53839,0.693486971,11.65182376,204.9294792,65.24678693,0.912206736,5.04,5.13,0.043636,NA,NA,NA,NA,2,73P/Schwassmann-Wachmann 3-V,Danger,4.435856152
73P/Schwassmann-Wachmann 3-W,NA,NA,NA,NA,NA,2006,NA,NA,NA,53839,0.69757325,11.41831799,198.6608054,70.01698507,0.939125033,5.27,5.47,0.040799,NA,NA,NA,NA,3,73P/Schwassmann-Wachmann 3-W,Danger,4.347871078
73P/Schwassmann-Wachmann 3-X,NA,NA,NA,NA,NA,2006,NA,NA,NA,53839,0.694751289,11.39938737,198.7509795,69.92862059,0.9390827,5.21,5.4,0.040651,NA,NA,NA,NA,7,73P/Schwassmann-Wachmann 3-X,Danger,4.355635071
73P/Schwassmann-Wachmann 3-Y,NA,NA,NA,NA,NA,2006,NA,NA,NA,53839,0.719502304,11.56184126,197.9700547,70.66913935,0.939165741,5.76,6.13,0.042145,NA,NA,NA,NA,3,73P/Schwassmann-Wachmann 3-Y,Danger,4.229844223
73P/Schwassmann-Wachmann 3-Z,NA,NA,NA,NA,NA,2006,NA,NA,NA,53839,0.693358233,11.34947201,198.0161463,70.49401081,0.942039154,5.2,5.38,0.040223,NA,NA,NA,NA,2,73P/Schwassmann-Wachmann 3-Z,Danger,4.364134645
73P/Schwassmann-Wachmann 3-AA,NA,NA,NA,NA,NA,2006,NA,NA,NA,53839,0.680633879,11.29506494,199.1079395,69.57271647,0.939284534,4.94,5.04,0.039837,NA,NA,NA,NA,3,73P/Schwassmann-Wachmann 3-AA,Danger,4.432749193
73P/Schwassmann-Wachmann 3-AB,NA,NA,NA,NA,NA,2006,NA,NA,NA,53856,0.691246809,11.37319386,198.8169658,69.85894301,0.939166328,5.14,5.31,0.040615,NA,NA,NA,NA,4,73P/Schwassmann-Wachmann 3-AB,Danger,4.371844081
73P/Schwassmann-Wachmann 3-AC,NA,NA,NA,NA,NA,2006,NA,NA,NA,53856,0.695367115,11.40528019,198.7526383,69.93380114,0.939045253,5.23,5.41,0.040807,NA,NA,NA,NA,5,73P/Schwassmann-Wachmann 3-AC,Danger,4.363743755
73P/Schwassmann-Wachmann 3-AD,NA,NA,NA,NA,NA,2006,NA,NA,NA,53839,0.693358233,11.36836584,198.3713234,70.21921728,0.94070736,5.19,5.37,0.040376,NA,NA,NA,NA,2,73P/Schwassmann-Wachmann 3-AD,Danger,4.363924113
73P/Schwassmann-Wachmann 3-AE,NA,NA,NA,NA,NA,2006,NA,NA,NA,53839,0.696725657,11.41469069,198.7081423,69.9723223,0.939051181,5.25,5.45,0.040753,NA,NA,NA,NA,5,73P/Schwassmann-Wachmann 3-AE,Danger,4.347765621
73P/Schwassmann-Wachmann 3-AF,NA,NA,NA,NA,NA,2006,NA,NA,NA,53839,0.676299018,11.23973276,198.7163903,69.8497135,0.941184912,4.87,4.96,0.039428,NA,NA,NA,NA,1,73P/Schwassmann-Wachmann 3-AF,Danger,4.442984885
73P/Schwassmann-Wachmann 3-AG,NA,NA,NA,NA,NA,2006,NA,NA,NA,53839,0.695781147,11.40758964,198.7052943,69.95896614,0.939039245,5.23,5.42,0.040779,NA,NA,NA,NA,4,73P/Schwassmann-Wachmann 3-AG,Danger,4.355691697
73P/Schwassmann-Wachmann 3-AH,NA,NA,NA,NA,NA,2006,NA,NA,NA,53839,0.693358233,11.33063244,197.7396254,70.70742061,0.942986615,5.21,5.39,0.040154,NA,NA,NA,NA,3,73P/Schwassmann-Wachmann 3-AH,Danger,4.364287997
73P/Schwassmann-Wachmann 3-AI,NA,NA,NA,NA,NA,2006,NA,NA,NA,53836,0.698251127,11.43065377,198.7294365,69.97109124,0.938888072,5.28,5.49,0.04071,NA,NA,NA,NA,4,73P/Schwassmann-Wachmann 3-AI,Danger,4.339965664
73P/Schwassmann-Wachmann 3-AJ,NA,NA,NA,NA,NA,2006,NA,NA,NA,53839,0.800195286,12.14931754,196.7656541,72.0622749,0.936080103,8.43,10.14,0.046608,NA,NA,NA,NA,2,73P/Schwassmann-Wachmann 3-AJ,Danger,3.716341296
73P/Schwassmann-Wachmann 3-AK,NA,NA,NA,NA,NA,2006,NA,NA,NA,53839,0.693358233,11.42949727,199.3256981,69.37619102,0.937705211,5.18,5.35,0.040319,NA,NA,NA,NA,3,73P/Schwassmann-Wachmann 3-AK,Danger,4.371622
73P/Schwassmann-Wachmann 3-AL,NA,NA,NA,NA,NA,2006,NA,NA,NA,53839,0.699842824,11.44393328,198.7225549,69.97977383,0.938768584,5.32,5.53,0.040892,NA,NA,NA,NA,2,73P/Schwassmann-Wachmann 3-AL,Danger,4.340200719
73P/Schwassmann-Wachmann 3-AM,NA,NA,NA,NA,NA,2006,NA,NA,NA,53839,0.693358233,11.54419805,201.0885964,68.11933346,0.930937164,5.14,5.29,0.04092,NA,NA,NA,NA,1,73P/Schwassmann-Wachmann 3-AM,Danger,4.387135799
73P/Schwassmann-Wachmann 3-AN,NA,NA,NA,NA,NA,2006,NA,NA,NA,53839,0.694756955,11.40514157,198.8011953,69.89155967,0.938997324,5.21,5.4,0.040601,NA,NA,NA,NA,4,73P/Schwassmann-Wachmann 3-AN,Danger,4.355622611
73P/Schwassmann-Wachmann 3-AO,NA,NA,NA,NA,NA,2006,NA,NA,NA,53839,0.693768774,11.32588494,198.1671916,70.388797,0.940750162,5.2,5.38,0.040747,NA,NA,NA,NA,3,73P/Schwassmann-Wachmann 3-AO,Danger,4.363945019
73P/Schwassmann-Wachmann 3-AP,NA,NA,NA,NA,NA,2006,NA,NA,NA,53856,0.701430092,11.46590929,198.7426205,69.9669785,0.938745429,5.35,5.58,0.040996,NA,NA,NA,NA,8,73P/Schwassmann-Wachmann 3-AP,Danger,4.324831879
73P/Schwassmann-Wachmann 3-AQ,NA,NA,NA,NA,NA,2006,NA,NA,NA,53856,0.695911909,11.41369562,198.7713164,69.92072504,0.939006437,5.24,5.43,0.04079,NA,NA,NA,NA,9,73P/Schwassmann-Wachmann 3-AQ,Danger,4.355718994
73P/Schwassmann-Wachmann 3-AR,NA,NA,NA,NA,NA,2006,NA,NA,NA,53839,0.695799013,11.40652255,198.7098466,69.96630168,0.93920476,5.24,5.43,0.040648,NA,NA,NA,NA,2,73P/Schwassmann-Wachmann 3-AR,Danger,4.35574762
73P/Schwassmann-Wachmann 3-AS,NA,NA,NA,NA,NA,2006,NA,NA,NA,53852,0.700970105,11.46096714,198.7247614,69.97402026,0.93882735,5.34,5.56,0.041109,NA,NA,NA,NA,6,73P/Schwassmann-Wachmann 3-AS,Danger,4.332529829
73P/Schwassmann-Wachmann 3-AT,NA,NA,NA,NA,NA,2006,NA,NA,NA,53839,0.686932228,11.33462061,198.8104065,69.84813048,0.93962879,5.06,5.2,0.040208,NA,NA,NA,NA,2,73P/Schwassmann-Wachmann 3-AT,Danger,4.397175829
73P/Schwassmann-Wachmann 3-AU,NA,NA,NA,NA,NA,2006,NA,NA,NA,53839,0.692822354,11.38220585,198.7583062,69.91454526,0.939297959,5.18,5.35,0.040499,NA,NA,NA,NA,1,73P/Schwassmann-Wachmann 3-AU,Danger,4.371857803
73P/Schwassmann-Wachmann 3-AV,NA,NA,NA,NA,NA,2006,NA,NA,NA,53839,0.693358233,11.3951153,198.8335456,69.88524741,0.939024288,5.19,5.36,0.040526,NA,NA,NA,NA,1,73P/Schwassmann-Wachmann 3-AV,Danger,4.371817166
73P/Schwassmann-Wachmann 3-AW,NA,NA,NA,NA,NA,2006,NA,NA,NA,53839,0.677301464,11.23959642,198.8339738,69.79453062,0.940257756,4.89,4.97,0.039791,NA,NA,NA,NA,2,73P/Schwassmann-Wachmann 3-AW,Danger,4.451443984
73P/Schwassmann-Wachmann 3-AX,NA,NA,NA,NA,NA,2006,NA,NA,NA,53839,0.692470126,11.42778528,199.2512703,69.46695211,0.93800954,5.16,5.33,0.040309,NA,NA,NA,NA,1,73P/Schwassmann-Wachmann 3-AX,Danger,4.371667598
73P/Schwassmann-Wachmann 3-AY,NA,NA,NA,NA,NA,2006,NA,NA,NA,53839,0.675089956,11.22586964,198.9220318,69.71151968,0.940193404,4.85,4.92,0.039663,NA,NA,NA,NA,2,73P/Schwassmann-Wachmann 3-AY,Danger,4.461205165
73P/Schwassmann-Wachmann 3-AZ,NA,NA,NA,NA,NA,2006,NA,NA,NA,53839,0.675069986,11.22070941,198.8670389,69.76425986,0.940317778,4.85,4.92,0.039697,NA,NA,NA,NA,1,73P/Schwassmann-Wachmann 3-AZ,Danger,4.46122654
73P/Schwassmann-Wachmann 3-BA,NA,NA,NA,NA,NA,2006,NA,NA,NA,53839,0.682432921,11.27075096,198.6920226,69.9209975,0.94024779,4.98,5.09,0.040053,NA,NA,NA,NA,1,73P/Schwassmann-Wachmann 3-BA,Danger,4.423666294
73P/Schwassmann-Wachmann 3-BB,NA,NA,NA,NA,NA,2006,NA,NA,NA,53839,0.682432921,11.19018461,197.928567,70.47094006,0.942420571,4.99,5.11,0.040143,NA,NA,NA,NA,1,73P/Schwassmann-Wachmann 3-BB,Danger,4.415246564
73P/Schwassmann-Wachmann 3-BC,NA,NA,NA,NA,NA,2006,NA,NA,NA,53856,0.700467515,11.45870615,198.7461327,69.95554651,0.938807405,5.33,5.55,0.040954,NA,NA,NA,NA,7,73P/Schwassmann-Wachmann 3-BC,Danger,4.332449368
73P/Schwassmann-Wachmann 3-BD,NA,NA,NA,NA,NA,2006,NA,NA,NA,53839,0.682439214,10.97454826,196.463131,71.41848297,0.946155584,5.01,5.14,0.040389,NA,NA,NA,NA,1,73P/Schwassmann-Wachmann 3-BD,Danger,4.407062963
73P/Schwassmann-Wachmann 3-BE,NA,NA,NA,NA,NA,2006,NA,NA,NA,53839,0.682439214,11.3165548,199.0041337,69.69353535,0.939421341,4.98,5.09,0.039983,NA,NA,NA,NA,1,73P/Schwassmann-Wachmann 3-BE,Danger,4.423532515
73P/Schwassmann-Wachmann 3-BF,NA,NA,NA,NA,NA,2006,NA,NA,NA,53856,0.6856739,11.32197626,198.8097995,69.83455705,0.939574294,5.04,5.17,0.040397,NA,NA,NA,NA,2,73P/Schwassmann-Wachmann 3-BF,Danger,4.40578561
73P/Schwassmann-Wachmann 3-BG,NA,NA,NA,NA,NA,2006,NA,NA,NA,53839,0.684754806,11.32450054,198.9548257,69.72079452,0.939341834,5.02,5.14,0.040107,NA,NA,NA,NA,1,73P/Schwassmann-Wachmann 3-BG,Danger,4.414469797
73P/Schwassmann-Wachmann 3-BH,NA,NA,NA,NA,NA,2006,NA,NA,NA,53839,0.682439214,11.28940623,198.8380688,69.80392621,0.939816247,4.98,5.09,0.040047,NA,NA,NA,NA,1,73P/Schwassmann-Wachmann 3-BH,Danger,4.423596425
73P/Schwassmann-Wachmann 3-BI,NA,NA,NA,NA,NA,2006,NA,NA,NA,53856,0.68246268,11.30045753,198.9127974,69.75258615,0.939765097,4.98,5.09,0.040062,NA,NA,NA,NA,3,73P/Schwassmann-Wachmann 3-BI,Danger,4.423588146
73P/Schwassmann-Wachmann 3-BJ,NA,NA,NA,NA,NA,2006,NA,NA,NA,53839,0.691094488,11.37022892,198.7979116,69.87876452,0.939252921,5.14,5.3,0.040461,NA,NA,NA,NA,2,73P/Schwassmann-Wachmann 3-BJ,Danger,4.380105892
73P/Schwassmann-Wachmann 3-BK,NA,NA,NA,NA,NA,2006,NA,NA,NA,53839,0.691542805,11.37077721,198.775388,69.89745388,0.939266636,5.15,5.31,0.040494,NA,NA,NA,NA,2,73P/Schwassmann-Wachmann 3-BK,Danger,4.380090142
73P/Schwassmann-Wachmann 3-BL,NA,NA,NA,NA,NA,2006,NA,NA,NA,53839,0.696223719,11.4093615,198.6994292,69.97335799,0.939099662,5.24,5.44,0.040742,NA,NA,NA,NA,2,73P/Schwassmann-Wachmann 3-BL,Danger,4.347725588
73P/Schwassmann-Wachmann 3-BM,NA,NA,NA,NA,NA,2006,NA,NA,NA,53839,0.682439214,11.29433257,198.861349,69.7755882,0.939756863,4.98,5.09,0.040041,NA,NA,NA,NA,1,73P/Schwassmann-Wachmann 3-BM,Danger,4.423586813
73P/Schwassmann-Wachmann 3-BN,NA,NA,NA,NA,NA,2006,NA,NA,NA,53856,0.691771507,11.37744926,198.7947706,69.88153448,0.939185745,5.15,5.32,0.040649,NA,NA,NA,NA,3,73P/Schwassmann-Wachmann 3-BN,Danger,4.37184477
73P/Schwassmann-Wachmann 3-BO,NA,NA,NA,NA,NA,2006,NA,NA,NA,53856,0.691827563,11.37615727,198.7715536,69.89197757,0.939219069,5.16,5.32,0.040677,NA,NA,NA,NA,3,73P/Schwassmann-Wachmann 3-BO,Danger,4.380065793
73P/Schwassmann-Wachmann 3-BP,NA,NA,NA,NA,NA,2006,NA,NA,NA,53856,0.682453454,11.29077484,198.8488389,69.81061093,0.939783268,4.98,5.09,0.040186,NA,NA,NA,NA,1,73P/Schwassmann-Wachmann 3-BP,Danger,4.423591087
73P/Schwassmann-Wachmann 3-BQ,NA,NA,NA,NA,NA,2006,NA,NA,NA,53856,0.69245388,11.38826125,198.8198463,69.86577521,0.939155664,5.17,5.34,0.040612,NA,NA,NA,NA,2,73P/Schwassmann-Wachmann 3-BQ,Danger,4.371837391
73P/Schwassmann-Wachmann 3-BR,NA,NA,NA,NA,NA,2006,NA,NA,NA,53856,0.685154134,11.31924783,198.8412924,69.82671175,0.939601786,5.03,5.16,0.040313,NA,NA,NA,NA,2,73P/Schwassmann-Wachmann 3-BR,Danger,4.405864173
73P/Schwassmann-Wachmann 3-BS,NA,NA,NA,NA,NA,2006,NA,NA,NA,53856,0.698573546,11.44446449,198.7685232,69.93999714,0.938948672,5.29,5.5,0.040824,NA,NA,NA,NA,1,73P/Schwassmann-Wachmann 3-BS,Danger,4.34003681
79P/du Toit-Hartley,NA,NA,NA,NA,NA,2013,NA,NA,NA,56558,0.61851349,3.145618792,281.6893173,280.6403369,1.123805321,4.77,5.06,0.134779,-4.87E-11,-3.30E-11,NA,NA,16,79P/du Toit-Hartley,Safe,4.302919586
85P/Boethin,NA,NA,NA,NA,NA,2008,NA,NA,NA,54252,0.781160626,4.295294591,37.61838461,359.3961137,1.134657452,9.24,11.81,0.149899,0,0,NA,NA,23,85P/Boethin,Safe,3.502167897
96P/Machholz 1,NA,NA,NA,NA,NA,2012,NA,NA,NA,56541,0.959211829,58.31221424,14.7577484,94.32323631,0.123748853,5.94,5.28,0.333731,1.07E-10,-9.38E-13,NA,NA,53,96P/Machholz 1,Safe,4.999327856
103P/Hartley 2,NA,NA,NA,NA,NA,2017,NA,NA,NA,56981,0.693780472,13.60427243,181.3222858,219.7487451,1.064195154,5.89,6.48,0.072005,NA,NA,NA,NA,252,103P/Hartley 2,Safe,4.103747284
104P/Kowal 2,NA,NA,NA,NA,NA,2016,NA,NA,NA,57090,0.638520361,10.25097305,200.6509533,235.4414959,1.178758464,5.34,5.89,0.202197,2.26E-08,-5.48E-09,1.33E-09,NA,24,104P/Kowal 2,Safe,4.124981436
109P/Swift-Tuttle,NA,NA,NA,NA,NA,1992,NA,NA,NA,50000,0.963225755,113.453817,152.9821676,139.3811921,0.959516155,51.22,133.28,0.000892,NA,NA,NA,NA,32,109P/Swift-Tuttle,Danger,1.707716016
122P/de Vico,NA,NA,NA,NA,NA,1995,NA,NA,NA,50280,0.962708887,85.38275311,12.99609194,79.62450069,0.659337336,34.7,74.35,0.316817,NA,NA,NA,NA,27,122P/de Vico,Safe,2.073918842
141P/Machholz 2-A,NA,NA,NA,NA,NA,2005,NA,NA,NA,53480,0.750123959,12.79506334,149.2844343,246.1615904,0.752849878,5.27,5.23,0.105492,-2.81E-09,1.03E-10,5.99E-10,NA,75,141P/Machholz 2-A,Safe,4.5223136
141P/Machholz 2-D,NA,NA,NA,NA,NA,1999,NA,NA,NA,51520,0.751062411,12.81184124,149.2918108,246.1336343,0.749005694,5.27,5.22,0.107814,2.27E-08,5.86E-09,NA,NA,11,141P/Machholz 2-D,Safe,4.530515483
161P/Hartley-IRAS,NA,NA,NA,NA,NA,2005,NA,NA,NA,52749,0.835073846,95.69806815,47.13845023,1.415670065,1.27343339,14.17,21.46,0.447763,NA,NA,NA,NA,59,161P/Hartley-IRAS,Safe,2.945450352
162P/Siding Spring,NA,NA,NA,NA,NA,2004,NA,NA,NA,53529,0.597243635,27.84477766,356.3636966,31.25192352,1.227689026,4.87,5.32,0.232183,NA,NA,NA,NA,86,162P/Siding Spring,Safe,4.194317024
169P/NEAT,NA,NA,NA,NA,NA,2005,NA,NA,NA,54296,0.766927719,11.30444069,217.9760878,176.2204118,0.606980751,4.6,4.2,0.142644,NA,NA,NA,NA,114,169P/NEAT,Safe,4.908193949
177P/Barnard,NA,NA,NA,NA,NA,2006,NA,NA,NA,53542,0.954501107,31.1792882,60.34965167,272.1861491,1.107319662,47.57,120.07,0.31003,NA,NA,NA,NA,27,177P/Barnard,Safe,1.760682878
181P/Shoemaker-Levy 6,NA,NA,NA,NA,NA,2014,NA,NA,NA,56908,0.707322828,16.98117917,333.7988486,37.67945772,1.123593041,6.55,7.52,0.156355,-2.91E-09,-8.64E-11,NA,NA,16,181P/Shoemaker-Levy 6,Safe,3.926322395
182P/LONEOS,NA,NA,NA,NA,NA,2007,NA,NA,NA,53241,0.66634233,16.90929665,51.43384257,75.10006349,0.978022459,4.88,5.02,0.109366,NA,NA,NA,NA,61,182P/LONEOS,Safe,4.404861841
185P/Petriew,NA,NA,NA,NA,NA,2012,NA,NA,NA,56498,0.699321038,14.00701804,181.9403336,214.0910177,0.932014336,5.27,5.46,0.060833,NA,1.72E-10,NA,NA,43,185P/Petriew,Safe,4.354822838
189P/NEAT,NA,NA,NA,NA,NA,2012,NA,NA,NA,56364,0.596795547,20.3759014,15.39713787,282.144161,1.177562746,4.66,4.99,0.170302,-7.42E-10,-4.90E-11,NA,NA,56,189P/NEAT,Safe,4.279484939
197P/LINEAR,NA,NA,NA,NA,NA,2013,NA,NA,NA,56717,0.629660237,25.54272525,188.7289004,66.38824615,1.061393391,4.67,4.85,0.051318,-1.33E-10,1.67E-11,7.17E-11,NA,46,197P/LINEAR,Safe,4.387092797
206P/Barnard-Boattini,NA,NA,NA,NA,NA,1997,NA,NA,NA,51606,0.688642088,31.97414822,179.5749493,205.2603247,0.978812133,5.31,5.57,0.01839,NA,NA,NA,NA,12,206P/Barnard-Boattini,Danger,4.306852913
207P/NEAT,NA,NA,NA,NA,NA,2008,NA,NA,NA,54069,0.756988908,10.14995411,271.195627,200.6742212,0.943996196,6.83,7.66,0.147585,NA,NA,NA,NA,64,207P/NEAT,Safe,3.999132755
209P/LINEAR,NA,NA,NA,NA,NA,2009,NA,NA,NA,55720,0.69237046,19.44782985,150.4693054,65.46431318,0.901668822,4.96,5.02,0.051186,NA,NA,NA,NA,130,209P/LINEAR,Safe,4.461725522
210P/Christensen,NA,NA,NA,NA,NA,2014,NA,NA,NA,56908,0.832503263,10.24010578,345.8255534,93.82650012,0.531313913,5.81,5.65,0.170738,2.13E-10,5.23E-11,-6.02E-10,NA,42,210P/Christensen,Safe,4.587762807
217P/LINEAR,NA,NA,NA,NA,NA,2009,NA,NA,NA,54831,0.689642756,12.88188017,246.7754682,125.6220203,1.223482234,6.66,7.83,0.306437,NA,NA,NA,NA,113,217P/LINEAR,Safe,3.842241512
222P/LINEAR,NA,NA,NA,NA,NA,2009,NA,NA,NA,54553,0.726769396,5.14614339,345.4248856,7.132384188,0.780761495,4.93,4.83,0.062285,NA,NA,NA,NA,31,222P/LINEAR,Safe,4.591385175
225P/LINEAR,NA,NA,NA,NA,NA,2002,NA,NA,NA,52717,0.663764463,20.70960946,1.329461349,15.49778451,1.192065517,5.9,6.68,0.194983,NA,NA,NA,NA,42,225P/LINEAR,Safe,4.003397279
249P/LINEAR,NA,NA,NA,NA,NA,2006,NA,NA,NA,54112,0.816148393,8.4340952,64.04057029,240.6460863,0.510585571,5.04,4.63,0.052649,NA,NA,NA,NA,21,249P/LINEAR,Safe,4.861067462
252P/LINEAR,NA,NA,NA,NA,NA,2000,NA,NA,NA,52306,0.672411248,10.38105211,343.2826819,190.9962851,1.001368431,5.11,5.34,0.017389,NA,NA,NA,NA,25,252P/LINEAR,Danger,4.332385827
255P/Levy,NA,NA,NA,NA,NA,2017,NA,NA,NA,56981,0.668188902,18.26659348,179.6923294,279.7300367,1.00817764,5.07,5.3,0.024517,7.33E-09,-4.15E-09,NA,NA,37,255P/Levy,Danger,4.333292173
262P/McNaught-Russell,NA,NA,NA,NA,NA,2012,NA,NA,NA,55913,0.815402883,29.07941912,171.1690206,218.0142884,1.280276583,12.59,18.27,0.291456,NA,NA,NA,NA,39,262P/McNaught-Russell,Safe,3.077414595
263P/Gibbs,NA,NA,NA,NA,NA,2006,NA,NA,NA,54246,0.586980396,14.4711765,26.31548584,113.3508576,1.251302076,4.81,5.27,0.284398,NA,NA,NA,NA,15,263P/Gibbs,Safe,4.190048557
273P/Pons-Gambart,NA,NA,NA,NA,NA,2012,NA,NA,NA,56799,0.975096143,136.3989719,20.18419247,320.4310688,0.810431048,64.27,185.64,0.171765,7.60E-11,8.86E-10,NA,NA,9,273P/Pons-Gambart,Safe,1.538282629
289P/Blanpain,NA,NA,NA,NA,NA,2003,NA,NA,NA,53393,0.675768574,5.931685399,9.066912825,69.33306667,0.998682779,5.16,5.41,0.016462,NA,-7.71E-10,NA,NA,4,289P/Blanpain,Danger,4.316212022
294P/LINEAR,NA,NA,NA,NA,NA,2008,NA,NA,NA,55173,0.594515934,19.0857983,233.2695182,315.4433207,1.297734649,5.1,5.73,0.393614,NA,NA,NA,NA,27,294P/LINEAR,Safe,4.08041181
300P/Catalina,NA,NA,NA,NA,NA,2014,NA,NA,NA,56981,0.693462168,5.691470921,222.7484631,95.8066034,0.825979778,4.56,4.42,0.024454,NA,-3.25E-10,NA,NA,9,300P/Catalina,Danger,4.658195454
306P/LINEAR,NA,NA,NA,NA,NA,2003,NA,NA,NA,53391,0.598259491,8.364457777,0.768801631,341.4986017,1.246918534,4.96,5.47,0.239208,NA,NA,NA,NA,31,306P/LINEAR,Safe,4.154000818
317P/WISE,NA,NA,NA,NA,NA,2010,NA,NA,NA,55727,0.590446735,10.64556918,328.7279634,280.9856039,1.198390481,4.65,5.01,0.203854,NA,NA,NA,NA,9,317P/WISE,Safe,4.258375816
C/1906 V1 (Thiele),NA,NA,NA,NA,NA,1906,NA,NA,NA,17544,0.948761365,56.03318114,8.456068198,85.80950568,1.208610867,45.97,114.56,0.230296,NA,NA,NA,NA,3,C/1906 V1 (Thiele),Safe,1.783431432
C/1921 H1 (Dubiago),NA,NA,NA,NA,NA,1921,NA,NA,NA,22841,0.847783004,22.07043089,96.44867266,68.21958086,1.098349017,13.33,19.38,0.367524,NA,NA,NA,NA,3,C/1921 H1 (Dubiago),Safe,3.066270943
D/1978 R1 (Haneda-Campos),NA,NA,NA,NA,NA,1978,NA,NA,NA,43773,0.66523194,5.947329619,240.4622187,132.2535138,1.101417705,5.48,5.97,0.13492,NA,NA,NA,NA,7,D/1978 R1 (Haneda-Campos),Safe,4.159781552
C/1991 L3 (Levy),NA,NA,NA,NA,NA,1991,NA,NA,NA,48547,0.928817863,19.19030997,41.47119826,329.4309837,0.982559471,26.62,51.28,0.074988,NA,NA,NA,NA,9,C/1991 L3 (Levy),Safe,2.307918897
P/1999 J6 (SOHO),NA,NA,NA,NA,NA,2004,NA,NA,NA,53580,0.984177313,26.6131418,21.97680319,81.61378154,0.049058228,6.15,5.46,0.010175,3.95E-07,-1.89E-09,NA,NA,6,P/1999 J6 (SOHO),Danger,5.004505382
P/1999 R1 (SOHO),NA,NA,NA,NA,NA,2003,NA,NA,NA,53089,0.977409122,13.67622884,43.68972274,4.932374957,0.057012651,4.99,4.01,0.076579,NA,NA,NA,NA,3,P/1999 R1 (SOHO),Safe,5.529035621
P/1999 RO28 (LONEOS),NA,NA,NA,NA,NA,1999,NA,NA,NA,51441,0.650786733,8.191041706,219.8588263,148.4502956,1.231758765,5.82,6.62,0.247638,NA,NA,NA,NA,15,P/1999 RO28 (LONEOS),Safe,3.99249968
C/1999 X3 (SOHO),NA,NA,NA,NA,NA,2004,NA,NA,NA,53074,0.981639879,6.337569475,353.7341335,323.490768,0.047951234,5.18,4.22,0.031348,NA,NA,NA,NA,5,C/1999 X3 (SOHO),Danger,5.453819825
C/2001 OG108 (LONEOS),NA,NA,NA,NA,NA,2002,NA,NA,NA,52248,0.925259301,80.24505505,116.4195121,10.5552957,0.99404788,25.61,48.5,0.300836,NA,NA,NA,NA,40,C/2001 OG108 (LONEOS),Safe,2.347791989
C/2001 W2 (BATTERS),NA,NA,NA,NA,NA,2001,NA,NA,NA,52249,0.941373458,115.9130897,142.0857566,113.3558968,1.051064641,34.81,75.91,0.145327,NA,NA,NA,NA,22,C/2001 W2 (BATTERS),Safe,2.0382985
C/2002 R5 (SOHO),NA,NA,NA,NA,NA,2002,NA,NA,NA,53575,0.985261262,14.12062881,45.7237989,13.21421538,0.047401601,6.38,5.77,0.094044,NA,NA,NA,NA,3,C/2002 R5 (SOHO),Safe,4.912716722
P/2002 S7 (SOHO),NA,NA,NA,NA,NA,2002,NA,NA,NA,53592,0.984861868,13.57497488,52.15494545,50.19576776,0.04879857,6.4,5.79,0.114603,NA,NA,NA,NA,3,P/2002 S7 (SOHO),Safe,4.911101441
P/2003 T12 (SOHO),NA,NA,NA,NA,NA,2012,NA,NA,NA,55968,0.776422176,11.4758078,217.6773881,176.4650989,0.574839946,4.57,4.12,0.154232,NA,NA,NA,NA,5,P/2003 T12 (SOHO),Safe,4.966982873
P/2005 T4 (SWAN),NA,NA,NA,NA,NA,2005,NA,NA,NA,53667,0.930297059,160.0361801,41.44353425,25.42228788,0.649399439,17.98,28.44,0.157261,NA,NA,NA,NA,6,P/2005 T4 (SWAN),Safe,2.810658298
P/2005 W4 (SOHO),NA,NA,NA,NA,NA,2005,NA,NA,NA,54203,0.982267558,14.5962755,49.40000591,53.00487076,0.05398036,6.03,5.31,0.107655,NA,-7.46E-11,NA,NA,2,P/2005 W4 (SOHO),Safe,5.045509899
P/2006 HR30 (Siding Spring),NA,NA,NA,NA,NA,2007,NA,NA,NA,54046,0.84311839,31.88449913,117.4138753,309.9521628,1.226427704,14.41,21.86,0.452907,NA,NA,NA,NA,87,P/2006 HR30 (Siding Spring),Safe,2.939313825
P/2007 T2 (Kowalski),NA,NA,NA,NA,NA,2007,NA,NA,NA,54417,0.774834086,9.895275619,358.5515716,3.994965765,0.695862748,5.49,5.43,0.156276,NA,NA,NA,NA,17,P/2007 T2 (Kowalski),Safe,4.527915393
P/2008 Y1 (Boattini),NA,NA,NA,NA,NA,2009,NA,NA,NA,54846,0.734881759,8.805148715,162.3648341,259.7096838,1.27197954,8.32,10.51,0.289617,NA,NA,NA,NA,13,P/2008 Y1 (Boattini),Safe,3.557971363
P/2008 Y12 (SOHO),NA,NA,NA,NA,NA,2008,NA,NA,NA,55476,0.978749538,23.34562318,146.6141611,312.5525907,0.065413686,6.09,5.4,0.044832,NA,NA,NA,NA,4,P/2008 Y12 (SOHO),Danger,5.010873681
P/2009 L2 (Yang-Gao),NA,NA,NA,NA,NA,2009,NA,NA,NA,55023,0.620929816,16.15851413,346.954318,259.3047568,1.296125756,5.54,6.32,0.287493,NA,NA,NA,NA,20,P/2009 L2 (Yang-Gao),Safe,3.999719043
P/2009 WX51 (Catalina),NA,NA,NA,NA,NA,2010,NA,NA,NA,55175,0.740297034,9.592585691,118.0163889,31.75826735,0.799955544,5.36,5.41,0.009227,NA,NA,NA,NA,19,P/2009 WX51 (Catalina),Danger,4.450574706
C/2010 L5 (WISE),NA,NA,NA,NA,NA,2010,NA,NA,NA,55379,0.903756192,147.051681,214.729745,206.4730991,0.790900833,15.64,23.56,0.113609,NA,NA,NA,NA,6,C/2010 L5 (WISE),Safe,2.953118816
P/2011 NO1 (Elenin),NA,NA,NA,NA,NA,2011,NA,NA,NA,55758,0.776521252,15.27233838,263.6169668,296.0964602,1.242925561,9.88,13.12,0.380652,NA,NA,NA,NA,8,P/2011 NO1 (Elenin),Safe,3.37207855
C/2011 S2 (Kowalski),NA,NA,NA,NA,NA,2011,NA,NA,NA,55857,0.931603545,17.57253024,192.1899464,288.0701102,1.115118144,31.49,65.83,0.13779,NA,NA,NA,NA,16,C/2011 S2 (Kowalski),Safe,2.12659999
P/2012 NJ (La Sagra),NA,NA,NA,NA,NA,2012,NA,NA,NA,56158,0.848061834,84.37545937,338.4139159,315.7631836,1.291890069,15.71,24.79,0.315258,NA,NA,NA,NA,31,P/2012 NJ (La Sagra),Safe,2.825062208
P/2013 CU129 (PANSTARRS),NA,NA,NA,NA,NA,2013,NA,NA,NA,56475,0.722105036,12.14763226,211.9722717,46.20979967,0.800147691,4.96,4.89,0.085523,NA,NA,NA,NA,38,P/2013 CU129 (PANSTARRS),Safe,4.564744611
P/2013 TL117 (Lemmon),NA,NA,NA,NA,NA,2014,NA,NA,NA,56674,0.689913795,9.365636389,112.199132,3.362021948,1.117672075,6.09,6.84,0.20162,NA,NA,NA,NA,45,P/2013 TL117 (Lemmon),Safe,4.021790823
P/2014 U2 (Kowalski),NA,NA,NA,NA,NA,2014,NA,NA,NA,56974,0.602948764,7.495593453,35.25220977,356.1806792,1.164298274,4.7,5.02,0.183671,NA,NA,NA,NA,10,P/2014 U2 (Kowalski),Safe,4.285403705
P/2015 A3 (PANSTARRS),NA,NA,NA,NA,NA,2015,NA,NA,NA,57040,0.848167698,172.5137446,249.5086139,277.0821425,1.15385721,14.05,20.95,0.204591,NA,NA,NA,NA,1,P/2015 A3 (PANSTARRS),Safe,2.989625616
C/2015 D1 (SOHO),NA,NA,NA,NA,NA,2015,NA,NA,NA,57073,0.994267774,69.61628937,234.9530166,95.88138486,0.028321056,9.85,10.98,0.515916,1.25E-06,NA,NA,NA,3,C/2015 D1 (SOHO),Safe,3.985662826
C/2015 F2 (Polonia),NA,NA,NA,NA,NA,2015,NA,NA,NA,57110,0.962399182,28.66103039,352.0587584,262.4816139,1.209544218,63.13,182.45,0.198704,NA,NA,NA,NA,6,C/2015 F2 (Polonia),Safe,1.537575641
C/2015 F5 (SWAN-Xingming),NA,NA,NA,NA,NA,2015,NA,NA,NA,57124,0.977734115,149.2569445,13.39233003,287.7390236,0.346005132,30.73,61.26,0.441413,NA,NA,NA,NA,2,C/2015 F5 (SWAN-Xingming),Safe,2.22883524
